Timestamp,Power,Result,PatternRIS0
2025-11-20T13:43:39.224027,10.0,-74.13163185119629,0
2025-11-20T13:43:39.411327,10.0,-74.27693367004395,1
2025-11-20T13:43:39.598930,10.0,-74.31525707244873,2
2025-11-20T13:43:39.785705,10.0,-74.24826622009277,3
2025-11-20T13:53:46.422233,10.0,-73.6245059967041,0
2025-11-20T13:53:46.608034,10.0,-73.58721256256104,1
2025-11-20T13:53:46.793310,10.0,-74.2015552520752,2
2025-11-20T13:53:46.978350,10.0,-74.2292308807373,3
2025-11-20T13:53:47.163654,10.0,-74.26990509033203,4
2025-11-20T13:53:47.350811,10.0,-74.25240993499756,5
2025-11-20T13:53:47.537291,10.0,-74.34075355529785,6
2025-11-20T13:53:47.722289,10.0,-74.24117088317871,7
2025-11-20T13:53:47.907240,10.0,-74.2444372177124,8
2025-11-20T13:53:48.094144,10.0,-74.39458847045898,9
2025-11-20T13:53:48.281941,10.0,-74.4061279296875,10
2025-11-20T13:53:48.469145,10.0,-74.24905776977539,11
2025-11-20T13:53:48.657636,10.0,-74.33505058288574,12
2025-11-20T13:53:48.844624,10.0,-74.34324264526367,13
2025-11-20T13:53:49.031435,10.0,-74.33759212493896,14
2025-11-20T13:53:49.216877,10.0,-74.34528827667236,15
2025-11-20T13:53:49.401675,10.0,-74.31636810302734,16
2025-11-20T13:53:49.587760,10.0,-74.29914951324463,17
2025-11-20T13:53:49.772850,10.0,-74.27003383636475,18
2025-11-20T13:53:49.959480,10.0,-74.32573795318604,19
2025-11-20T13:53:50.146377,10.0,-74.2297887802124,20
2025-11-20T13:53:50.332395,10.0,-74.31026935577393,21
2025-11-20T13:53:50.517211,10.0,-74.30607795715332,22
2025-11-20T13:53:50.702056,10.0,-74.30861473083496,23
2025-11-20T13:53:50.887171,10.0,-74.35107707977295,24
2025-11-20T13:53:51.073321,10.0,-74.25200939178467,25
2025-11-20T13:54:26.739852,10.0,,26
2025-11-20T13:54:26.742485,10.0,,27
2025-11-20T13:54:26.743050,10.0,,28
2025-11-20T13:54:26.743549,10.0,,28
2025-11-20T13:54:26.744020,10.0,,28
2025-11-20T13:54:26.744894,10.0,,28
2025-11-20T13:54:26.746931,10.0,,28
2025-11-20T13:54:26.748827,10.0,,28
2025-11-20T13:54:26.750327,10.0,,28
2025-11-20T13:54:26.751643,10.0,,28
2025-11-20T13:54:26.752928,10.0,,28
2025-11-20T13:54:26.753948,10.0,,28
2025-11-20T13:54:26.754868,10.0,,28
2025-11-20T13:54:26.755751,10.0,,28
2025-11-20T13:54:26.756490,10.0,,28
2025-11-20T13:54:26.757148,10.0,,28
2025-11-20T13:54:26.757746,10.0,,28
2025-11-20T13:54:26.758318,10.0,,28
2025-11-20T13:54:26.758825,10.0,,28
2025-11-20T13:54:26.759304,10.0,,28
2025-11-20T13:54:26.759755,10.0,,28
2025-11-20T13:54:26.760214,10.0,,28
2025-11-20T13:54:26.760705,10.0,,28
2025-11-20T13:54:26.761169,10.0,,28
2025-11-20T13:54:26.761623,10.0,,28
2025-11-20T13:54:26.762072,10.0,,28
2025-11-20T13:54:26.762550,10.0,,28
2025-11-20T13:54:26.763014,10.0,,28
2025-11-20T13:54:26.763467,10.0,,28
2025-11-20T13:54:26.763920,10.0,,28
2025-11-20T13:54:26.764410,10.0,,28
2025-11-20T13:54:26.764870,10.0,,28
2025-11-20T13:54:26.765325,10.0,,28
2025-11-20T13:54:26.765779,10.0,,28
2025-11-20T13:54:26.766234,10.0,,28
2025-11-20T13:54:26.766717,10.0,,28
2025-11-20T13:54:26.767185,10.0,,28
2025-11-20T13:54:26.767640,10.0,,28
2025-11-20T13:54:26.768096,10.0,,28
2025-11-20T13:54:26.768585,10.0,,28
2025-11-20T13:54:26.769047,10.0,,28
2025-11-20T13:54:26.769500,10.0,,28
2025-11-20T13:54:26.769948,10.0,,28
2025-11-20T13:54:26.770426,10.0,,28
2025-11-20T13:54:26.770889,10.0,,28
2025-11-20T13:54:26.771344,10.0,,28
2025-11-20T13:54:26.771820,10.0,,28
2025-11-20T13:54:26.772292,10.0,,28
2025-11-20T13:54:26.772748,10.0,,28
2025-11-20T13:54:26.773197,10.0,,28
2025-11-20T13:54:26.773642,10.0,,28
2025-11-20T13:54:26.774093,10.0,,28
2025-11-20T13:54:26.774573,10.0,,28
2025-11-20T13:54:26.775034,10.0,,28
2025-11-20T13:54:26.775488,10.0,,28
2025-11-20T13:54:26.775938,10.0,,28
2025-11-20T13:54:26.776396,10.0,,28
2025-11-20T13:54:26.776874,10.0,,28
2025-11-20T13:54:26.777340,10.0,,28
2025-11-20T13:54:26.777796,10.0,,28
2025-11-20T13:54:26.778248,10.0,,28
2025-11-20T13:54:26.778725,10.0,,28
2025-11-20T13:54:26.779203,10.0,,28
2025-11-20T13:54:26.779672,10.0,,28
2025-11-20T13:54:26.780137,10.0,,28
2025-11-20T13:54:26.780594,10.0,,28
2025-11-20T13:54:26.781076,10.0,,28
2025-11-20T13:54:26.781541,10.0,,28
2025-11-20T13:54:26.782002,10.0,,28
2025-11-20T13:54:26.782489,10.0,,28
2025-11-20T13:54:26.782951,10.0,,28
2025-11-20T13:54:26.783406,10.0,,28
2025-11-20T13:54:26.783857,10.0,,28
2025-11-20T13:54:26.784320,10.0,,28
2025-11-20T13:54:26.784808,10.0,,28
2025-11-20T13:54:26.785270,10.0,,28
2025-11-20T13:54:26.785727,10.0,,28
2025-11-20T13:54:26.786179,10.0,,28
2025-11-20T13:56:33.779370,10.0,-73.81586074829102,0
2025-11-20T13:56:33.967013,10.0,-74.36591625213623,1
2025-11-20T13:56:34.154318,10.0,-74.14080619812012,2
2025-11-20T13:56:34.342069,10.0,-74.3001651763916,3
2025-11-20T13:58:00.706516,10.0,-73.83951187133789,0
2025-11-20T13:58:00.894202,10.0,-74.28391456604004,1
2025-11-20T13:58:01.081678,10.0,-74.2863655090332,2
2025-11-20T13:58:01.268529,10.0,-74.33099269866943,3
2025-11-20T13:58:01.455156,10.0,-74.24273014068604,4
2025-11-20T13:58:01.642468,10.0,-74.30373191833496,5
2025-11-20T13:58:01.829935,10.0,-74.30742740631104,6
2025-11-20T13:58:02.017599,10.0,-74.32559967041016,7
2025-11-20T13:58:02.204911,10.0,-74.32432651519775,8
2025-11-20T13:58:02.392572,10.0,-74.29519653320312,9
2025-11-20T13:58:02.580114,10.0,-74.27841186523438,10
2025-11-20T13:58:02.767983,10.0,-74.34667587280273,11
2025-11-20T13:58:02.956009,10.0,-74.3033504486084,12
2025-11-20T13:58:03.142955,10.0,-74.28649425506592,13
2025-11-20T13:58:03.330293,10.0,-74.24967288970947,14
2025-11-20T13:58:03.518097,10.0,-74.26485061645508,15
2025-11-20T13:58:03.705748,10.0,-74.34130668640137,16
2025-11-20T13:58:03.893683,10.0,-74.31942462921143,17
2025-11-20T13:58:04.081106,10.0,-74.25780296325684,18
2025-11-20T13:58:04.269012,10.0,-74.30603981018066,19
2025-11-20T13:58:04.456511,10.0,-74.34166431427002,20
2025-11-20T13:58:04.643985,10.0,-74.29260730743408,21
2025-11-20T13:58:04.830722,10.0,-74.30174827575684,22
2025-11-20T13:58:05.017461,10.0,-74.35590744018555,23
2025-11-20T13:58:05.204733,10.0,-74.24152374267578,24
2025-11-20T13:58:05.392754,10.0,-74.28910255432129,25
2025-11-20T13:58:05.580615,10.0,-74.28822994232178,26
2025-11-20T13:58:05.768200,10.0,-74.33842182159424,27
2025-11-20T13:58:05.955666,10.0,-74.33065414428711,28
2025-11-20T13:58:06.143359,10.0,-74.3315601348877,29
2025-11-20T13:58:06.330473,10.0,-74.34216022491455,30
2025-11-20T13:58:06.517904,Noise,-74.2484712600708,0
2025-11-20T13:58:06.705584,Noise,-74.32146549224854,1
2025-11-20T13:58:06.892899,Noise,-74.21205997467041,2
2025-11-20T13:58:07.081007,Noise,-74.31989669799805,3
2025-11-20T13:58:07.268650,Noise,-74.39201831817627,4
2025-11-20T13:58:07.456364,Noise,-74.35183048248291,5
2025-11-20T13:58:07.644249,Noise,-74.29774284362793,6
2025-11-20T13:58:07.831589,Noise,-74.22868251800537,7
2025-11-20T13:58:08.018540,Noise,-74.2652702331543,8
2025-11-20T13:58:08.206118,Noise,-74.33047294616699,9
2025-11-20T13:58:08.394240,Noise,-74.28926467895508,10
2025-11-20T13:58:08.582141,Noise,-74.3000078201294,11
2025-11-20T13:58:08.769784,Noise,-74.22475337982178,12
2025-11-20T13:58:08.957134,Noise,-74.34378623962402,13
2025-11-20T13:58:09.145509,Noise,-74.33289051055908,14
2025-11-20T13:58:09.333372,Noise,-74.1706371307373,15
2025-11-20T13:58:09.521094,Noise,-74.25294399261475,16
2025-11-20T13:58:09.708489,Noise,-74.31607723236084,17
2025-11-20T13:58:09.896196,Noise,-74.30453300476074,18
2025-11-20T13:58:10.083851,Noise,-74.35863494873047,19
2025-11-20T13:58:10.271960,Noise,-74.28318500518799,20
2025-11-20T13:58:10.459869,Noise,-74.29642677307129,21
2025-11-20T13:58:10.647725,Noise,-74.23328399658203,22
2025-11-20T13:58:10.835233,Noise,-74.32733058929443,23
2025-11-20T13:58:11.022810,Noise,-74.30985927581787,24
2025-11-20T13:58:11.210284,Noise,-74.26418781280518,25
2025-11-20T13:58:11.397952,Noise,-74.24539566040039,26
2025-11-20T13:58:11.585218,Noise,-74.21600818634033,27
2025-11-20T13:58:11.772575,Noise,-74.31135654449463,28
2025-11-20T13:58:11.959559,Noise,-74.34101581573486,29
2025-11-20T13:58:12.146629,Noise,-74.29264545440674,30
2025-11-20T13:58:12.334242,-5,-74.2737340927124,0
2025-11-20T13:58:12.522341,-5,-74.27128791809082,1
2025-11-20T13:58:12.710341,-5,-74.23112869262695,2
2025-11-20T13:58:12.897204,-5,-74.25638675689697,3
2025-11-20T13:58:13.084277,-5,-74.28344249725342,4
2025-11-20T13:58:13.271522,-5,-74.28001403808594,5
2025-11-20T13:58:13.458677,-5,-74.24391746520996,6
2025-11-20T13:58:13.646111,-5,-74.2728328704834,7
2025-11-20T13:58:13.833037,-5,-74.2509937286377,8
2025-11-20T13:58:14.020053,-5,-74.29828643798828,9
2025-11-20T13:58:14.207648,-5,-74.32114124298096,10
2025-11-20T13:58:14.395424,-5,-74.24715995788574,11
2025-11-20T13:58:14.582923,-5,-74.19229984283447,12
2025-11-20T13:58:14.770489,-5,-74.2288589477539,13
2025-11-20T13:58:14.958507,-5,-74.31990146636963,14
2025-11-20T13:58:15.146004,-5,-74.26950454711914,15
2025-11-20T13:58:15.333750,-5,-74.31478500366211,16
2025-11-20T13:58:15.521873,-5,-74.24325942993164,17
2025-11-20T13:58:15.709234,-5,-74.2893123626709,18
2025-11-20T13:58:15.896522,-5,-74.2875623703003,19
2025-11-20T13:58:16.083436,-5,-74.24135684967041,20
2025-11-20T13:58:16.271102,-5,-74.30418014526367,21
2025-11-20T13:58:16.458028,-5,-74.30358409881592,22
2025-11-20T13:58:16.644860,-5,-74.26569938659668,23
2025-11-20T13:58:16.832013,-5,-74.24408435821533,24
2025-11-20T13:58:17.019481,-5,-74.27085876464844,25
2025-11-20T13:58:17.206467,-5,-74.17941570281982,26
2025-11-20T13:58:17.393773,-5,-74.34134006500244,27
2025-11-20T13:58:53.064756,-5,,28
2025-11-20T13:58:53.068604,-5,,29
2025-11-20T13:58:53.069249,-5,,30
2025-11-20T13:58:53.069801,-5,,30
2025-11-20T13:58:53.070340,-5,,30
2025-11-20T13:58:53.070874,-5,,30
2025-11-20T13:58:53.071423,-5,,30
2025-11-20T13:58:53.071968,-5,,30
2025-11-20T13:58:53.072513,-5,,30
2025-11-20T13:58:53.073046,-5,,30
2025-11-20T13:58:53.073601,-5,,30
2025-11-20T13:58:53.074138,-5,,30
2025-11-20T13:58:53.074665,-5,,30
2025-11-20T13:58:53.075219,-5,,30
2025-11-20T13:58:53.075783,-5,,30
2025-11-20T13:58:53.076339,-5,,30
2025-11-20T13:58:53.076878,-5,,30
2025-11-20T13:58:53.077439,-5,,30
2025-11-20T13:58:53.077980,-5,,30
2025-11-20T13:58:53.078509,-5,,30
2025-11-20T13:58:53.079034,-5,,30
2025-11-20T13:58:53.079592,-5,,30
2025-11-20T13:58:53.080136,-5,,30
2025-11-20T13:58:53.080668,-5,,30
2025-11-20T13:58:53.081194,-5,,30
2025-11-20T13:58:53.081729,-5,,30
2025-11-20T13:58:53.082282,-5,,30
2025-11-20T13:58:53.082815,-5,,30
2025-11-20T13:58:53.083358,-5,,30
2025-11-20T13:58:53.083904,-5,,30
2025-11-20T13:58:53.084465,-5,,30
2025-11-20T13:58:53.085005,-5,,30
2025-11-20T13:58:53.085535,-5,,30
2025-11-20T13:58:53.086059,-5,,30
2025-11-20T13:58:53.086617,-5,,30
2025-11-20T13:58:53.087153,-5,,30
2025-11-20T13:58:53.087680,-5,,30
2025-11-20T13:58:53.088209,-5,,30
2025-11-20T13:58:53.088739,-5,,30
2025-11-20T13:58:53.089293,-5,,30
2025-11-20T13:58:53.089827,-5,,30
2025-11-20T13:58:53.090352,-5,,30
2025-11-20T13:58:53.090884,-5,,30
2025-11-20T13:58:53.091443,-5,,30
2025-11-20T13:58:53.091985,-5,,30
2025-11-20T13:58:53.092526,-5,,30
2025-11-20T13:58:53.093078,-5,,30
2025-11-20T13:58:53.093626,-5,,30
2025-11-20T13:58:53.094156,-5,,30
2025-11-20T13:58:53.094704,-5,,30
2025-11-20T13:58:53.095253,-5,,30
2025-11-20T13:58:53.095789,-5,,30
2025-11-20T13:58:53.096332,-5,,30
2025-11-20T13:58:53.096885,-5,,30
2025-11-20T13:58:53.097419,-5,,30
2025-11-20T13:58:53.097944,-5,,30
2025-11-20T13:58:53.098468,-5,,30
2025-11-20T13:58:53.099028,-5,,30
2025-11-20T13:58:53.099564,-5,,30
2025-11-20T13:58:53.100090,-5,,30
2025-11-20T13:58:53.100623,-5,,30
2025-11-20T13:58:53.101163,-5,,30
2025-11-20T13:58:53.101721,-5,,30
2025-11-20T13:58:53.102254,-5,,30
2025-11-20T13:58:53.102801,-5,,30
2025-11-20T13:58:53.103352,-5,,30
2025-11-20T13:58:53.103888,-5,,30
2025-11-20T13:58:53.104421,-5,,30
2025-11-20T13:58:53.104962,-5,,30
2025-11-20T13:58:53.105509,-5,,30
2025-11-20T13:58:53.106040,-5,,30
2025-11-20T13:58:53.106569,-5,,30
2025-11-20T13:58:53.107131,-5,,30
2025-11-20T13:58:53.107672,-5,,30
2025-11-20T13:58:53.108209,-5,,30
2025-11-20T13:58:53.108739,-5,,30
2025-11-20T13:58:53.109298,-5,,30
2025-11-20T13:58:53.109836,-5,,30
2025-11-20T13:58:53.110362,-5,,30
2025-11-20T13:58:53.110904,-5,,30
2025-11-20T13:58:53.111457,-5,,30
2025-11-20T13:58:53.111993,-5,,30
2025-11-20T13:58:53.112547,-5,,30
2025-11-20T13:58:53.113099,-5,,30
2025-11-20T13:58:53.113637,-5,,30
2025-11-20T13:58:53.114181,-5,,30
2025-11-20T13:58:53.114735,-5,,30
2025-11-20T13:58:53.115267,-5,,30
2025-11-20T13:58:53.115797,-5,,30
2025-11-20T13:58:53.116361,-5,,30
2025-11-20T13:58:53.116895,-5,,30
2025-11-20T13:58:53.117419,-5,,30
2025-11-20T13:58:53.117943,-5,,30
2025-11-20T13:58:53.118500,-5,,30
2025-11-20T13:58:53.119035,-5,,30
2025-11-20T13:58:53.119564,-5,,30
2025-11-20T13:58:53.120088,-5,,30
2025-11-20T13:58:53.120636,-5,,30
2025-11-20T13:58:53.121187,-5,,30
2025-11-20T13:58:53.121716,-5,,30
2025-11-20T13:58:53.122242,-5,,30
2025-11-20T13:58:53.122793,-5,,30
2025-11-20T13:58:53.123332,-5,,30
2025-11-20T13:58:53.123861,-5,,30
2025-11-20T13:58:53.124399,-5,,30
2025-11-20T13:58:53.124953,-5,,30
2025-11-20T13:58:53.125488,-5,,30
2025-11-20T13:58:53.126024,-5,,30
2025-11-20T13:58:53.126574,-5,,30
2025-11-20T13:58:53.127108,-5,,30
2025-11-20T13:58:53.127633,-5,,30
2025-11-20T13:58:53.128181,-5,,30
2025-11-20T13:58:53.128729,-5,,30
2025-11-20T13:58:53.129260,-5,,30
2025-11-20T13:58:53.129785,-5,,30
2025-11-20T13:58:53.130327,-5,,30
2025-11-20T13:58:53.130881,-5,,30
2025-11-20T13:58:53.131417,-5,,30
2025-11-20T13:58:53.131942,-5,,30
2025-11-20T13:58:53.132492,-5,,30
2025-11-20T13:58:53.133037,-5,,30
2025-11-20T13:58:53.133569,-5,,30
2025-11-20T13:58:53.134095,-5,,30
2025-11-20T13:58:53.134643,-5,,30
2025-11-20T13:58:53.135184,-5,,30
2025-11-20T13:58:53.135712,-5,,30
2025-11-20T13:58:53.136249,-5,,30
2025-11-20T13:58:53.136810,-5,,30
2025-11-20T13:58:53.137348,-5,,30
2025-11-20T13:58:53.137894,-5,,30
2025-11-20T13:58:53.138445,-5,,30
2025-11-20T13:58:53.138981,-5,,30
2025-11-20T13:58:53.139509,-5,,30
2025-11-20T13:58:53.140060,-5,,30
2025-11-20T13:58:53.140607,-5,,30
2025-11-20T13:58:53.141137,-5,,30
2025-11-20T13:58:53.141662,-5,,30
2025-11-20T13:58:53.142219,-5,,30
2025-11-20T13:58:53.142754,-5,,30
2025-11-20T13:58:53.143280,-5,,30
2025-11-20T13:58:53.143806,-5,,30
2025-11-20T13:58:53.144341,-5,,30
2025-11-20T13:58:53.144903,-5,,30
2025-11-20T13:58:53.145442,-5,,30
2025-11-20T13:58:53.145972,-5,,30
2025-11-20T13:58:53.146497,-5,,30
2025-11-20T13:58:53.147049,-5,,30
2025-11-20T13:58:53.147584,-5,,30
2025-11-20T13:58:53.148113,-5,,30
2025-11-20T13:58:53.148644,-5,,30
2025-11-20T13:58:53.149201,-5,,30
2025-11-20T13:58:53.149738,-5,,30
2025-11-20T13:58:53.150270,-5,,30
2025-11-20T13:58:53.150795,-5,,30
2025-11-20T13:58:53.151352,-5,,30
2025-11-20T13:58:53.151890,-5,,30
2025-11-20T13:58:53.152425,-5,,30
2025-11-20T13:58:53.152949,-5,,30
2025-11-20T13:58:53.153505,-5,,30
2025-11-20T13:58:53.154039,-5,,30
2025-11-20T13:58:53.154567,-5,,30
2025-11-20T13:58:53.155125,-5,,30
2025-11-20T13:58:53.155660,-5,,30
2025-11-20T13:58:53.156196,-5,,30
2025-11-20T13:58:53.156757,-5,,30
2025-11-20T13:58:53.157290,-5,,30
2025-11-20T13:58:53.157828,-5,,30
2025-11-20T13:58:53.158358,-5,,30
2025-11-20T13:58:53.158917,-5,,30
2025-11-20T13:58:53.159452,-5,,30
2025-11-20T13:58:53.159979,-5,,30
2025-11-20T13:58:53.160512,-5,,30
2025-11-20T13:58:53.161051,-5,,30
2025-11-20T13:58:53.161601,-5,,30
2025-11-20T13:58:53.162130,-5,,30
2025-11-20T13:58:53.162652,-5,,30
2025-11-20T13:58:53.163171,-5,,30
2025-11-20T13:58:53.163717,-5,,30
2025-11-20T13:58:53.164265,-5,,30
2025-11-20T13:58:53.164793,-5,,30
2025-11-20T13:58:53.165316,-5,,30
2025-11-20T13:58:53.165874,-5,,30
2025-11-20T13:58:53.166414,-5,,30
2025-11-20T13:58:53.166943,-5,,30
2025-11-20T13:58:53.167473,-5,,30
2025-11-20T13:58:53.168027,-5,,30
2025-11-20T13:58:53.168573,-5,,30
2025-11-20T13:58:53.169099,-5,,30
2025-11-20T13:58:53.169623,-5,,30
2025-11-20T13:58:53.170177,-5,,30
2025-11-20T13:58:53.170715,-5,,30
2025-11-20T13:58:53.171239,-5,,30
2025-11-20T13:58:53.171762,-5,,30
2025-11-20T13:58:53.172286,-5,,30
2025-11-20T13:58:53.172838,-5,,30
2025-11-20T13:58:53.173371,-5,,30
2025-11-20T13:58:53.173894,-5,,30
2025-11-20T13:58:53.174432,-5,,30
2025-11-20T13:58:53.174977,-5,,30
2025-11-20T13:58:53.175504,-5,,30
2025-11-20T13:58:53.176024,-5,,30
2025-11-20T13:58:53.176556,-5,,30
2025-11-20T13:58:53.177113,-5,,30
2025-11-20T13:58:53.177647,-5,,30
2025-11-20T14:09:47.935864,10.0,-74.33610439300537,0
2025-11-20T14:09:48.122713,10.0,-73.79810810089111,1
2025-11-20T14:09:48.310182,10.0,-74.33380126953125,2
2025-11-20T14:09:48.497493,10.0,-74.23259258270264,3
2025-11-20T14:09:48.685250,10.0,-74.25642967224121,4
2025-11-20T14:09:48.873692,10.0,-74.35309410095215,5
2025-11-20T14:09:49.061959,10.0,-74.2630386352539,6
2025-11-20T14:09:49.248946,10.0,-74.32939529418945,7
2025-11-20T14:09:49.435254,10.0,-74.27116394042969,8
2025-11-20T14:09:49.621819,10.0,-74.32950019836426,9
2025-11-20T14:09:49.807952,10.0,-74.34077739715576,10
2025-11-20T14:09:49.994409,10.0,-74.36501502990723,11
2025-11-20T14:09:50.182421,10.0,-74.28822040557861,12
2025-11-20T14:09:50.369005,10.0,-74.32264804840088,13
2025-11-20T14:09:50.556337,10.0,-74.29375171661377,14
2025-11-20T14:09:50.743188,10.0,-74.3511438369751,15
2025-11-20T14:09:50.931035,10.0,-74.26076889038086,16
2025-11-20T14:09:51.118238,10.0,-74.25680637359619,17
2025-11-20T14:09:51.306061,10.0,-74.37861919403076,18
2025-11-20T14:09:51.493785,10.0,-74.3104600906372,19
2025-11-20T14:09:51.681383,10.0,-74.20879364013672,20
2025-11-20T14:09:51.869628,10.0,-74.35851573944092,21
2025-11-20T14:09:52.056766,10.0,-74.27557468414307,22
2025-11-20T14:09:52.244438,10.0,-74.35708522796631,23
2025-11-20T14:09:52.431959,10.0,-74.32663440704346,24
2025-11-20T14:09:52.619601,10.0,-74.27564144134521,25
2025-11-20T14:09:52.806544,10.0,-74.23782348632812,26
2025-11-20T14:09:52.994057,10.0,-74.27555084228516,27
2025-11-20T14:09:53.181541,10.0,-74.25070285797119,28
2025-11-20T14:09:53.368728,10.0,-74.25147533416748,29
2025-11-20T14:09:53.556048,10.0,-74.36236381530762,30
2025-11-20T14:09:53.743547,Noise,-74.26016330718994,0
2025-11-20T14:09:53.930772,Noise,-74.2824125289917,1
2025-11-20T14:09:54.118444,Noise,-74.39118385314941,2
2025-11-20T14:09:54.306022,Noise,-74.22788619995117,3
2025-11-20T14:09:54.493611,Noise,-74.28291320800781,4
2025-11-20T14:09:54.681263,Noise,-74.39001560211182,5
2025-11-20T14:09:54.869075,Noise,-74.3745231628418,6
2025-11-20T14:09:55.056673,Noise,-74.31342124938965,7
2025-11-20T14:09:55.244246,Noise,-74.31215286254883,8
2025-11-20T14:09:55.431474,Noise,-74.28795337677002,9
2025-11-20T14:09:55.619051,Noise,-74.32098388671875,10
2025-11-20T14:09:55.806137,Noise,-74.2703914642334,11
2025-11-20T14:09:55.993956,Noise,-74.23883438110352,12
2025-11-20T14:09:56.181527,Noise,-74.193434715271,13
2025-11-20T14:10:10.850227,Noise,,14
2025-11-20T14:10:10.853127,Noise,,15
2025-11-20T14:10:10.853693,Noise,,16
2025-11-20T14:10:10.854188,Noise,,16
2025-11-20T14:10:10.854675,Noise,,16
2025-11-20T14:10:10.855692,Noise,,16
2025-11-20T14:10:10.858171,Noise,,16
2025-11-20T14:10:10.860200,Noise,,16
2025-11-20T14:10:10.862051,Noise,,16
2025-11-20T14:10:10.863636,Noise,,16
2025-11-20T14:10:10.864948,Noise,,16
2025-11-20T14:10:10.866079,Noise,,16
2025-11-20T14:10:10.867129,Noise,,16
2025-11-20T14:10:10.868075,Noise,,16
2025-11-20T14:10:10.868904,Noise,,16
2025-11-20T14:10:10.869641,Noise,,16
2025-11-20T14:10:10.870295,Noise,,16
2025-11-20T14:10:10.870879,Noise,,16
2025-11-20T14:10:10.871455,Noise,,16
2025-11-20T14:10:10.871965,Noise,,16
2025-11-20T14:10:10.872447,Noise,,16
2025-11-20T14:10:10.872900,Noise,,16
2025-11-20T14:10:10.873380,Noise,,16
2025-11-20T14:10:10.873845,Noise,,16
2025-11-20T14:10:10.874301,Noise,,16
2025-11-20T14:10:10.874754,Noise,,16
2025-11-20T14:10:10.875200,Noise,,16
2025-11-20T14:10:10.875666,Noise,,16
2025-11-20T14:10:10.876140,Noise,,16
2025-11-20T14:10:10.876604,Noise,,16
2025-11-20T14:10:10.877053,Noise,,16
2025-11-20T14:10:10.877506,Noise,,16
2025-11-20T14:10:10.877990,Noise,,16
2025-11-20T14:10:10.878453,Noise,,16
2025-11-20T14:10:10.878919,Noise,,16
2025-11-20T14:10:10.879397,Noise,,16
2025-11-20T14:10:10.879859,Noise,,16
2025-11-20T14:10:10.880327,Noise,,16
2025-11-20T14:10:10.880784,Noise,,16
2025-11-20T14:10:10.881232,Noise,,16
2025-11-20T14:10:10.881711,Noise,,16
2025-11-20T14:10:10.882179,Noise,,16
2025-11-20T14:10:10.882638,Noise,,16
2025-11-20T14:10:10.883099,Noise,,16
2025-11-20T14:10:10.883578,Noise,,16
2025-11-20T14:10:10.884038,Noise,,16
2025-11-20T14:10:10.884517,Noise,,16
2025-11-20T14:10:10.884967,Noise,,16
2025-11-20T14:10:10.885418,Noise,,16
2025-11-20T14:10:10.885905,Noise,,16
2025-11-20T14:10:10.886373,Noise,,16
2025-11-20T14:10:10.886828,Noise,,16
2025-11-20T14:10:10.887278,Noise,,16
2025-11-20T14:10:10.887727,Noise,,16
2025-11-20T14:10:10.888223,Noise,,16
2025-11-20T14:10:10.888690,Noise,,16
2025-11-20T14:10:10.889147,Noise,,16
2025-11-20T14:10:10.889613,Noise,,16
2025-11-20T14:10:10.890098,Noise,,16
2025-11-20T14:10:10.890572,Noise,,16
2025-11-20T14:10:10.891054,Noise,,16
2025-11-20T14:10:10.891521,Noise,,16
2025-11-20T14:10:10.891979,Noise,,16
2025-11-20T14:10:10.892468,Noise,,16
2025-11-20T14:10:10.892930,Noise,,16
2025-11-20T14:10:10.893413,Noise,,16
2025-11-20T14:10:10.893877,Noise,,16
2025-11-20T14:10:10.894334,Noise,,16
2025-11-20T14:10:10.894786,Noise,,16
2025-11-20T14:10:10.895232,Noise,,16
2025-11-20T14:10:10.895745,Noise,,16
2025-11-20T14:10:10.896230,Noise,,16
2025-11-20T14:10:10.896691,Noise,,16
2025-11-20T14:10:10.897158,Noise,,16
2025-11-20T14:10:10.897634,Noise,,16
2025-11-20T14:10:10.898091,Noise,,16
2025-11-20T14:10:10.898551,Noise,,16
2025-11-20T14:10:10.899035,Noise,,16
2025-11-20T14:10:10.899502,Noise,,16
2025-11-20T14:10:10.899958,Noise,,16
2025-11-20T14:10:10.900422,Noise,,16
2025-11-20T14:10:10.900895,Noise,,16
2025-11-20T14:10:10.901371,Noise,,16
2025-11-20T14:10:10.901832,Noise,,16
2025-11-20T14:10:10.902287,Noise,,16
2025-11-20T14:10:10.902736,Noise,,16
2025-11-20T14:10:10.903218,Noise,,16
2025-11-20T14:10:10.903683,Noise,,16
2025-11-20T14:10:10.904143,Noise,,16
2025-11-20T14:10:10.904601,Noise,,16
2025-11-20T14:10:10.905053,Noise,,16
2025-11-20T14:10:10.905538,Noise,,16
2025-11-20T14:10:10.906003,Noise,,16
2025-11-20T14:10:10.906459,Noise,,16
2025-11-20T14:10:10.906915,Noise,,16
2025-11-20T14:10:10.907371,Noise,,16
2025-11-20T14:10:10.907855,Noise,,16
2025-11-20T14:10:10.908333,Noise,,16
2025-11-20T14:10:10.908788,Noise,,16
2025-11-20T14:10:10.909255,Noise,,16
2025-11-20T14:10:10.909735,Noise,,16
2025-11-20T14:10:10.910200,Noise,,16
2025-11-20T14:10:10.910657,Noise,,16
2025-11-20T14:10:10.911108,Noise,,16
2025-11-20T14:10:10.911585,Noise,,16
2025-11-20T14:12:21.890535,10.0,-74.15753364562988,0
2025-11-20T14:12:22.077613,10.0,-74.25710678100586,1
2025-11-20T14:12:22.264060,10.0,-74.26604270935059,2
2025-11-20T14:12:22.450925,10.0,-74.34081554412842,3
2025-11-20T14:12:22.637882,10.0,-74.30056095123291,4
2025-11-20T14:12:22.824740,10.0,-74.28670406341553,5
2025-11-20T14:12:23.012122,10.0,-74.22671794891357,6
2025-11-20T14:12:23.021576,10.0,,7
2025-11-20T14:12:23.024793,10.0,,8
2025-11-20T14:12:23.027603,10.0,,8
2025-11-20T14:12:23.030349,10.0,,8
2025-11-20T14:12:23.032922,10.0,,8
2025-11-20T14:12:23.034853,10.0,,8
2025-11-20T14:12:23.036364,10.0,,8
2025-11-20T14:12:23.037569,10.0,,8
2025-11-20T14:12:23.038616,10.0,,8
2025-11-20T14:12:23.039695,10.0,,8
2025-11-20T14:12:23.040483,10.0,,9
2025-11-20T14:12:23.041152,10.0,,9
2025-11-20T14:12:23.041774,10.0,,9
2025-11-20T14:12:23.042325,10.0,,9
2025-11-20T14:12:23.042812,10.0,,9
2025-11-20T14:12:23.043289,10.0,,9
2025-11-20T14:12:23.043786,10.0,,9
2025-11-20T14:12:23.044281,10.0,,9
2025-11-20T14:12:23.044761,10.0,,9
2025-11-20T14:12:23.045234,10.0,,9
2025-11-20T14:12:23.045723,10.0,,9
2025-11-20T14:12:23.062739,10.0,,9
2025-11-20T14:12:23.086846,10.0,,10
2025-11-20T14:12:23.110845,10.0,,11
2025-11-20T14:12:23.134048,10.0,,12
2025-11-20T14:12:23.157304,10.0,,13
2025-11-20T14:12:23.181695,10.0,,14
2025-11-20T14:12:23.205433,10.0,,15
2025-11-20T14:12:23.228364,10.0,,16
2025-11-20T14:12:23.252454,10.0,,17
2025-11-20T14:12:23.276618,10.0,,18
2025-11-20T14:12:23.300538,10.0,,19
2025-11-20T14:12:23.324435,10.0,,20
2025-11-20T14:12:23.348358,10.0,,21
2025-11-20T14:12:23.372449,10.0,,22
2025-11-20T14:12:23.396553,10.0,,23
2025-11-20T14:12:23.420357,10.0,,24
2025-11-20T14:12:23.443690,10.0,,25
2025-11-20T14:12:23.466726,10.0,,26
2025-11-20T14:12:23.490707,10.0,,27
2025-11-20T14:12:23.514773,10.0,,28
2025-11-20T14:12:23.538544,10.0,,29
2025-11-20T14:12:23.562052,10.0,,30
2025-11-20T14:12:23.585430,Noise,,0
2025-11-20T14:12:23.708532,Noise,,1
2025-11-20T14:12:23.732376,Noise,,2
2025-11-20T14:12:23.755909,Noise,,3
2025-11-20T14:12:23.779161,Noise,,4
2025-11-20T14:12:23.802862,Noise,,5
2025-11-20T14:12:23.825637,Noise,,6
2025-11-20T14:12:23.848486,Noise,,7
2025-11-20T14:12:23.871621,Noise,,8
2025-11-20T14:12:23.894716,Noise,,9
2025-11-20T14:12:23.918933,Noise,,10
2025-11-20T14:12:23.942713,Noise,,11
2025-11-20T14:12:23.966819,Noise,,12
2025-11-20T14:12:23.991214,Noise,,13
2025-11-20T14:12:24.015666,Noise,,14
2025-11-20T14:12:24.039544,Noise,,15
2025-11-20T14:12:24.063225,Noise,,16
2025-11-20T14:12:24.086899,Noise,,17
2025-11-20T14:12:24.110101,Noise,,18
2025-11-20T14:12:24.133996,Noise,,19
2025-11-20T14:12:24.157149,Noise,,20
2025-11-20T14:12:24.180666,Noise,,21
2025-11-20T14:12:24.203372,Noise,,22
2025-11-20T14:12:24.226465,Noise,,23
2025-11-20T14:12:24.248764,Noise,,24
2025-11-20T14:12:24.271803,Noise,,25
2025-11-20T14:12:24.294757,Noise,,26
2025-11-20T14:12:24.318845,Noise,,27
2025-11-20T14:12:24.342766,Noise,,28
2025-11-20T14:12:24.366603,Noise,,29
2025-11-20T14:12:24.390206,Noise,,30
2025-11-20T14:12:24.414131,-5,,0
2025-11-20T14:12:24.535993,-5,,1
2025-11-20T14:12:24.559956,-5,,2
2025-11-20T14:12:24.583484,-5,,3
2025-11-20T14:12:24.607680,-5,,4
2025-11-20T14:12:24.630378,-5,,5
2025-11-20T14:12:24.653589,-5,,6
2025-11-20T14:12:24.676736,-5,,7
2025-11-20T14:12:24.698347,-5,,8
2025-11-20T14:12:24.721718,-5,,9
2025-11-20T14:12:24.744085,-5,,10
2025-11-20T14:12:24.767966,-5,,11
2025-11-20T14:12:24.791248,-5,,12
2025-11-20T14:12:24.814304,-5,,13
2025-11-20T14:12:24.837637,-5,,14
2025-11-20T14:12:24.861198,-5,,15
2025-11-20T14:12:24.883105,-5,,16
2025-11-20T14:12:24.906150,-5,,17
2025-11-20T14:12:24.929018,-5,,18
2025-11-20T14:12:24.952053,-5,,19
2025-11-20T14:12:24.975927,-5,,20
2025-11-20T14:12:24.998766,-5,,21
2025-11-20T14:12:25.021963,-5,,22
2025-11-20T14:12:25.044894,-5,,23
2025-11-20T14:12:25.067468,-5,,24
2025-11-20T14:12:25.090613,-5,,25
2025-11-20T14:12:25.113318,-5,,26
2025-11-20T14:12:25.136757,-5,,27
2025-11-20T14:12:25.159176,-5,,28
2025-11-20T14:12:25.182075,-5,,29
2025-11-20T14:12:25.205225,-5,,30
2025-11-20T14:12:25.228921,10.0,,0
2025-11-20T14:12:25.352594,10.0,,1
2025-11-20T14:12:25.376593,10.0,,2
2025-11-20T14:12:25.401074,10.0,,3
2025-11-20T14:12:25.425188,10.0,,4
2025-11-20T14:12:25.448491,10.0,,5
2025-11-20T14:12:25.471989,10.0,,6
2025-11-20T14:12:25.496271,10.0,,7
2025-11-20T14:12:25.518886,10.0,,8
2025-11-20T14:12:25.542148,10.0,,9
2025-11-20T14:12:25.566317,10.0,,10
2025-11-20T14:12:25.589035,10.0,,11
2025-11-20T14:12:25.612871,10.0,,12
2025-11-20T14:12:25.635686,10.0,,13
2025-11-20T14:12:25.658465,10.0,,14
2025-11-20T14:12:25.682084,10.0,,15
2025-11-20T14:12:25.706376,10.0,,16
2025-11-20T14:12:25.730018,10.0,,17
2025-11-20T14:12:25.752322,10.0,,18
2025-11-20T14:12:25.774913,10.0,,19
2025-11-20T14:12:25.797973,10.0,,20
2025-11-20T14:12:25.820965,10.0,,21
2025-11-20T14:12:25.844649,10.0,,22
2025-11-20T14:12:25.869279,10.0,,23
2025-11-20T14:12:25.891542,10.0,,24
2025-11-20T14:12:25.914877,10.0,,25
2025-11-20T14:12:25.938889,10.0,,26
2025-11-20T14:12:25.961788,10.0,,27
2025-11-20T14:12:25.984777,10.0,,28
2025-11-20T14:12:26.007557,10.0,,29
2025-11-20T14:12:26.030966,10.0,,30
2025-11-20T14:12:26.053554,Noise,,0
2025-11-20T14:12:26.176439,Noise,,1
2025-11-20T14:12:26.199813,Noise,,2
2025-11-20T14:12:26.223144,Noise,,3
2025-11-20T14:12:26.246715,Noise,,4
2025-11-20T14:12:26.269687,Noise,,5
2025-11-20T14:12:26.292762,Noise,,6
2025-11-20T14:12:26.315642,Noise,,7
2025-11-20T14:12:26.338688,Noise,,8
2025-11-20T14:12:26.361558,Noise,,9
2025-11-20T14:12:26.384819,Noise,,10
2025-11-20T14:12:26.407812,Noise,,11
2025-11-20T14:12:26.430646,Noise,,12
2025-11-20T14:12:26.453558,Noise,,13
2025-11-20T14:12:26.476647,Noise,,14
2025-11-20T14:12:26.499709,Noise,,15
2025-11-20T14:12:26.522527,Noise,,16
2025-11-20T14:12:26.545711,Noise,,17
2025-11-20T14:12:26.568347,Noise,,18
2025-11-20T14:12:26.591263,Noise,,19
2025-11-20T14:12:26.614211,Noise,,20
2025-11-20T14:12:26.637237,Noise,,21
2025-11-20T14:12:26.659994,Noise,,22
2025-11-20T14:12:26.683274,Noise,,23
2025-11-20T14:12:26.706374,Noise,,24
2025-11-20T14:12:26.729036,Noise,,25
2025-11-20T14:12:26.753528,Noise,,26
2025-11-20T14:12:26.777645,Noise,,27
2025-11-20T14:12:26.801699,Noise,,28
2025-11-20T14:12:26.825770,Noise,,29
2025-11-20T14:12:26.849318,Noise,,30
2025-11-20T14:12:26.872849,-5,,0
2025-11-20T14:12:26.996449,-5,,1
2025-11-20T14:12:27.021276,-5,,2
2025-11-20T14:12:27.044421,-5,,3
2025-11-20T14:12:27.068387,-5,,4
2025-11-20T14:12:27.092614,-5,,5
2025-11-20T14:12:27.115753,-5,,6
2025-11-20T14:12:27.139719,-5,,7
2025-11-20T14:12:27.163805,-5,,8
2025-11-20T14:12:27.186396,-5,,9
2025-11-20T14:12:27.209638,-5,,10
2025-11-20T14:12:27.233636,-5,,11
2025-11-20T14:12:27.257535,-5,,12
2025-11-20T14:12:27.281126,-5,,13
2025-11-20T14:12:27.303966,-5,,14
2025-11-20T14:12:27.326936,-5,,15
2025-11-20T14:12:27.350163,-5,,16
2025-11-20T14:12:27.373365,-5,,17
2025-11-20T14:12:27.396874,-5,,18
2025-11-20T14:12:27.419517,-5,,19
2025-11-20T14:12:27.442308,-5,,20
2025-11-20T14:12:27.465151,-5,,21
2025-11-20T14:12:27.487767,-5,,22
2025-11-20T14:12:27.510329,-5,,23
2025-11-20T14:12:27.533571,-5,,24
2025-11-20T14:12:27.556622,-5,,25
2025-11-20T14:12:27.579710,-5,,26
2025-11-20T14:12:27.602523,-5,,27
2025-11-20T14:12:27.625671,-5,,28
2025-11-20T14:12:27.649264,-5,,29
2025-11-20T14:12:27.672449,-5,,30
2025-11-20T14:12:27.695347,10.0,,0
2025-11-20T14:16:04.580508,10.0,-73.89438152313232,0
2025-11-20T14:16:04.766813,10.0,-73.47690105438232,1
2025-11-20T14:16:04.954595,10.0,-74.29953575134277,2
2025-11-20T14:16:05.142090,10.0,-74.36033248901367,3
2025-11-20T14:16:05.329150,10.0,-74.31803226470947,4
2025-11-20T14:16:05.516340,10.0,-74.31035995483398,5
2025-11-20T14:16:05.703649,10.0,-74.36564922332764,6
2025-11-20T14:16:05.891323,10.0,-74.2673921585083,7
2025-11-20T14:16:06.079626,10.0,-74.37227725982666,8
2025-11-20T14:16:06.268116,10.0,-74.29929733276367,9
2025-11-20T14:16:06.455521,10.0,-74.2853832244873,10
2025-11-20T14:16:06.642499,10.0,-74.22315120697021,11
2025-11-20T14:16:06.829458,10.0,-74.32104587554932,12
2025-11-20T14:16:07.016787,10.0,-74.32100772857666,13
2025-11-20T14:16:07.203616,10.0,-74.28773880004883,14
2025-11-20T14:16:07.390273,10.0,-74.27292346954346,15
2025-11-20T14:16:07.576693,10.0,-74.26304340362549,16
2025-11-20T14:16:07.763848,10.0,-74.33928966522217,17
2025-11-20T14:16:07.950838,10.0,-74.22370433807373,18
2025-11-20T14:16:08.138438,10.0,-74.29514408111572,19
2025-11-20T14:16:08.325609,10.0,-74.28006172180176,20
2025-11-20T14:16:08.512377,10.0,-74.27610874176025,21
2025-11-20T14:16:08.699365,10.0,-74.26036357879639,22
2025-11-20T14:16:08.886195,10.0,-74.28210735321045,23
2025-11-20T14:16:09.073082,10.0,-74.37647819519043,24
2025-11-20T14:16:09.260013,10.0,-74.34226036071777,25
2025-11-20T14:16:09.447465,10.0,-74.24125671386719,26
2025-11-20T14:16:09.634897,10.0,-74.31415557861328,27
2025-11-20T14:16:09.822410,10.0,-74.30724620819092,28
2025-11-20T14:16:10.009332,10.0,-74.28051948547363,29
2025-11-20T14:16:10.196995,10.0,-74.25755500793457,30
2025-11-20T14:16:10.384722,Noise,-74.28792476654053,0
2025-11-20T14:16:10.572491,Noise,-74.29520606994629,1
2025-11-20T14:16:10.759791,Noise,-74.21433925628662,2
2025-11-20T14:16:10.946336,Noise,-74.28618431091309,3
2025-11-20T14:16:11.133922,Noise,-74.33713912963867,4
2025-11-20T14:16:11.321882,Noise,-74.3842077255249,5
2025-11-20T14:16:11.509384,Noise,-74.2278528213501,6
2025-11-20T14:16:11.696694,Noise,-74.25058364868164,7
2025-11-20T14:16:11.883681,Noise,-74.26608562469482,8
2025-11-20T14:16:12.070498,Noise,-74.27863121032715,9
2025-11-20T14:16:12.257242,Noise,-74.29265022277832,10
2025-11-20T14:16:12.444557,Noise,-74.33032989501953,11
2025-11-20T14:16:12.631738,Noise,-74.29977416992188,12
2025-11-20T14:16:12.818219,Noise,-74.24484252929688,13
2025-11-20T14:16:13.005437,Noise,-74.29902076721191,14
2025-11-20T14:16:13.192368,Noise,-74.28563117980957,15
2025-11-20T14:16:13.379506,Noise,-74.22163486480713,16
2025-11-20T14:16:13.566511,Noise,-74.23131942749023,17
2025-11-20T14:16:13.753554,Noise,-74.26778793334961,18
2025-11-20T14:16:13.940766,Noise,-74.3263578414917,19
2025-11-20T14:16:14.127599,Noise,-74.27139282226562,20
2025-11-20T14:16:14.314194,Noise,-74.28508758544922,21
2025-11-20T14:16:14.501058,Noise,-74.33553695678711,22
2025-11-20T14:16:14.688393,Noise,-74.2146635055542,23
2025-11-20T14:16:14.875919,Noise,-74.26414966583252,24
2025-11-20T14:16:15.063155,Noise,-74.29970264434814,25
2025-11-20T14:16:15.250473,Noise,-74.23218727111816,26
2025-11-20T14:16:15.437514,Noise,-74.23479557037354,27
2025-11-20T14:16:15.624741,Noise,-74.23664093017578,28
2025-11-20T14:16:15.812096,Noise,-74.22877311706543,29
2025-11-20T14:16:15.998885,Noise,-74.26485061645508,30
2025-11-20T14:16:16.185392,-5,-74.20446395874023,0
2025-11-20T14:16:16.372788,-5,-74.2579698562622,1
2025-11-20T14:16:16.559274,-5,-74.23576354980469,2
2025-11-20T14:16:16.745692,-5,-74.33473110198975,3
2025-11-20T14:16:16.931995,-5,-74.32065963745117,4
2025-11-20T14:16:17.119063,-5,-74.28486347198486,5
2025-11-20T14:16:17.306165,-5,-74.34058666229248,6
2025-11-20T14:16:17.493126,-5,-74.2660665512085,7
2025-11-20T14:16:17.680530,-5,-74.27008152008057,8
2025-11-20T14:16:17.867641,-5,-74.26200866699219,9
2025-11-20T14:16:18.055479,-5,-74.26873207092285,10
2025-11-20T14:16:18.242507,-5,-74.32864189147949,11
2025-11-20T14:16:18.429772,-5,-74.26874160766602,12
2025-11-20T14:16:18.616024,-5,-74.23696517944336,13
2025-11-20T14:16:18.802622,-5,-74.34544086456299,14
2025-11-20T14:16:18.989331,-5,-74.3172025680542,15
2025-11-20T14:16:19.177263,-5,-74.327712059021,16
2025-11-20T14:16:19.364586,-5,-74.28961277008057,17
2025-11-20T14:16:19.551822,-5,-74.3676233291626,18
2025-11-20T14:16:19.739320,-5,-74.23219680786133,19
2025-11-20T14:16:19.927562,-5,-74.35586929321289,20
2025-11-20T14:16:20.114547,-5,-74.2539644241333,21
2025-11-20T14:16:20.301519,-5,-74.27993297576904,22
2025-11-20T14:16:20.488780,-5,-74.31422710418701,23
2025-11-20T14:16:20.675756,-5,-74.3413782119751,24
2025-11-20T14:16:20.862924,-5,-74.3138599395752,25
2025-11-20T14:16:21.049648,-5,-74.2449426651001,26
2025-11-20T14:16:21.236294,-5,-74.31281089782715,27
2025-11-20T14:16:21.422661,-5,-74.32787418365479,28
2025-11-20T14:16:21.609563,-5,-74.22615051269531,29
2025-11-20T14:16:21.796721,-5,-74.25741672515869,30
2025-11-20T14:19:32.274434,10.0,-73.95273208618164,0
2025-11-20T14:19:32.461009,10.0,-74.17681217193604,1
2025-11-20T14:19:32.648094,10.0,-74.30498600006104,2
2025-11-20T14:19:32.835116,10.0,-74.32413101196289,3
2025-11-20T14:19:33.021945,10.0,-74.23194408416748,4
2025-11-20T14:19:33.209016,10.0,-74.38197612762451,5
2025-11-20T14:19:33.396225,10.0,-74.28778648376465,6
2025-11-20T14:19:33.583817,10.0,-74.30124759674072,7
2025-11-20T14:19:39.526202,10.0,,8
2025-11-20T14:19:45.459178,10.0,,9
2025-11-20T14:19:51.393247,10.0,,10
2025-11-20T14:19:57.327214,10.0,,11
2025-11-20T14:20:03.261361,10.0,,12
2025-11-20T14:20:09.195250,10.0,,13
2025-11-20T14:20:15.129341,10.0,,14
2025-11-20T14:20:21.063398,10.0,,15
2025-11-20T14:24:47.752763,10.0,-74.2646598815918,0
2025-11-20T14:24:47.937788,10.0,-74.04573917388916,1
2025-11-20T14:24:48.124444,10.0,-74.12830352783203,2
2025-11-20T14:24:48.313020,10.0,-74.31886672973633,3
2025-11-20T14:24:48.501164,10.0,-74.39560413360596,4
2025-11-20T14:24:48.689724,10.0,-74.33323383331299,5
2025-11-20T14:24:48.878607,10.0,-74.28950309753418,6
2025-11-20T14:24:49.066745,10.0,-74.36153888702393,7
2025-11-20T14:24:49.253938,10.0,-74.2789888381958,8
2025-11-20T14:24:49.442391,10.0,-74.30535316467285,9
2025-11-20T14:24:49.630240,10.0,-74.36495304107666,10
2025-11-20T14:24:49.818108,10.0,-74.28011417388916,11
2025-11-20T14:24:50.006414,10.0,-74.30261135101318,12
2025-11-20T14:24:50.193758,10.0,-74.35532093048096,13
2025-11-20T14:24:50.381407,10.0,-74.30094718933105,14
2025-11-20T14:24:50.569255,10.0,-74.25303936004639,15
2025-11-20T14:24:50.756382,10.0,-74.21855926513672,16
2025-11-20T14:24:50.943917,10.0,-74.34635639190674,17
2025-11-20T14:24:51.131736,10.0,-74.31556224822998,18
2025-11-20T14:24:51.319185,10.0,-74.39946174621582,19
2025-11-20T14:24:51.506921,10.0,-74.2340898513794,20
2025-11-20T14:24:51.694562,10.0,-74.26200866699219,21
2025-11-20T14:24:51.882199,10.0,-74.38336849212646,22
2025-11-20T14:24:52.069805,10.0,-74.30752277374268,23
2025-11-20T14:24:52.256982,10.0,-74.3252420425415,24
2025-11-20T14:24:52.443456,10.0,-74.2886209487915,25
2025-11-20T14:24:52.630929,10.0,-74.3345832824707,26
2025-11-20T14:24:52.818182,10.0,-74.35040473937988,27
2025-11-20T14:24:53.005563,10.0,-74.25749778747559,28
2025-11-20T14:24:53.193532,10.0,-74.22828197479248,29
2025-11-20T14:24:53.381255,10.0,-74.22040939331055,30
2025-11-20T14:24:53.568804,Noise,-74.26820755004883,0
2025-11-20T14:24:53.756176,Noise,-74.30398464202881,1
2025-11-20T14:24:53.943841,Noise,-74.33506488800049,2
2025-11-20T14:24:54.131269,Noise,-74.2299222946167,3
2025-11-20T14:24:54.318288,Noise,-74.27887439727783,4
2025-11-20T14:24:54.505410,Noise,-74.28421020507812,5
2025-11-20T14:24:54.692778,Noise,-74.23606872558594,6
2025-11-20T14:24:54.880173,Noise,-74.29155826568604,7
2025-11-20T14:24:55.066742,Noise,-74.22850608825684,8
2025-11-20T14:24:55.253159,Noise,-74.28399562835693,9
2025-11-20T14:24:55.440767,Noise,-74.33719158172607,10
2025-11-20T14:24:55.628205,Noise,-74.28642272949219,11
2025-11-20T14:24:55.815511,Noise,-74.27573680877686,12
2025-11-20T14:24:56.003128,Noise,-74.2934513092041,13
2025-11-20T14:24:56.190519,Noise,-74.28743362426758,14
2025-11-20T14:24:56.378262,Noise,-74.24881935119629,15
2025-11-20T14:24:56.566127,Noise,-74.34354782104492,16
2025-11-20T14:24:56.753791,Noise,-74.27055358886719,17
2025-11-20T14:24:56.941328,Noise,-74.31528091430664,18
2025-11-20T14:24:57.129155,Noise,-74.21916007995605,19
2025-11-20T14:24:57.316411,Noise,-74.27384853363037,20
2025-11-20T14:24:57.504344,Noise,-74.30151462554932,21
2025-11-20T14:24:57.691532,Noise,-74.34313297271729,22
2025-11-20T14:24:57.879712,Noise,-74.2820692062378,23
2025-11-20T14:24:58.067121,Noise,-74.22780990600586,24
2025-11-20T14:24:58.254608,Noise,-74.26890850067139,25
2025-11-20T14:24:58.442177,Noise,-74.296555519104,26
2025-11-20T14:24:58.629866,Noise,-74.3657112121582,27
2025-11-20T14:24:58.817837,Noise,-74.2900276184082,28
2025-11-20T14:24:59.005260,Noise,-74.20331954956055,29
2025-11-20T14:24:59.192990,Noise,-74.30659294128418,30
2025-11-20T14:24:59.380686,-5,-74.36564922332764,0
2025-11-20T14:24:59.568182,-5,-74.25436019897461,1
2025-11-20T14:24:59.755876,-5,-74.30776596069336,2
2025-11-20T14:24:59.943585,-5,-74.27305221557617,3
2025-11-20T14:25:00.130500,-5,-74.25948143005371,4
2025-11-20T14:25:00.317560,-5,-74.28064346313477,5
2025-11-20T14:25:00.504394,-5,-74.35258865356445,6
2025-11-20T14:25:00.691663,-5,-74.17689800262451,7
2025-11-20T14:25:00.878666,-5,-74.2913818359375,8
2025-11-20T14:25:01.066493,-5,-74.24737453460693,9
2025-11-20T14:25:01.254044,-5,-74.27266120910645,10
2025-11-20T14:25:01.441987,-5,-74.23868179321289,11
2025-11-20T14:25:01.629668,-5,-74.27031517028809,12
2025-11-20T14:25:01.817566,-5,-74.20145988464355,13
2025-11-20T14:25:02.005437,-5,-74.25105571746826,14
2025-11-20T14:25:02.192864,-5,-74.2347764968872,15
2025-11-20T14:25:02.380732,-5,-74.26978588104248,16
2025-11-20T14:25:02.568700,-5,-74.31093215942383,17
2025-11-20T14:25:02.756370,-5,-74.25734043121338,18
2025-11-20T14:25:02.944454,-5,-74.240403175354,19
2025-11-20T14:25:03.132240,-5,-74.2726993560791,20
2025-11-20T14:25:03.319859,-5,-74.24416065216064,21
2025-11-20T14:25:03.507416,-5,-74.25835609436035,22
2025-11-20T14:25:03.694539,-5,-74.30248737335205,23
2025-11-20T14:25:03.882022,-5,-74.33868885040283,24
2025-11-20T14:25:04.069211,-5,-74.29155826568604,25
2025-11-20T14:25:04.256947,-5,-74.31180000305176,26
2025-11-20T14:25:04.444259,-5,-74.33780670166016,27
2025-11-20T14:25:04.631902,-5,-74.21404838562012,28
2025-11-20T14:25:04.819516,-5,-74.32889461517334,29
2025-11-20T14:25:05.007336,-5,-74.26512241363525,30
2025-11-20T14:26:52.652741,10.0,-73.90388011932373,0
2025-11-20T14:26:52.839898,10.0,-74.23689842224121,1
2025-11-20T14:26:53.027617,10.0,-74.31511878967285,2
2025-11-20T14:26:53.214975,10.0,-74.3010139465332,3
2025-11-20T14:26:53.401186,10.0,-74.22765731811523,4
2025-11-20T14:26:53.587484,10.0,-74.3414831161499,5
2025-11-20T14:26:53.775171,10.0,-74.37233924865723,6
2025-11-20T14:26:53.962521,10.0,-74.40433025360107,7
2025-11-20T14:26:54.149995,10.0,-74.35308933258057,8
2025-11-20T14:26:55.087119,10.0,,9
2025-11-20T14:26:56.014773,10.0,,10
2025-11-20T14:26:56.943640,10.0,,11
2025-11-20T14:26:57.872677,10.0,,12
2025-11-20T14:36:45.841373,10.0,-73.94915103912354,0
2025-11-20T14:36:46.028984,10.0,-74.18999671936035,1
2025-11-20T14:36:46.216317,10.0,-74.22331809997559,2
2025-11-20T14:36:46.404466,10.0,-74.34960842132568,3
2025-11-20T14:36:46.592240,10.0,-74.2436170578003,4
2025-11-20T14:36:46.779784,10.0,-74.34043407440186,5
2025-11-20T14:36:46.967023,10.0,-74.35471534729004,6
2025-11-20T14:36:47.154839,10.0,-74.33445930480957,7
2025-11-20T14:36:47.342158,10.0,-74.3535852432251,8
2025-11-20T14:36:47.529682,10.0,-74.21857357025146,9
2025-11-20T14:36:47.716996,10.0,-74.36910629272461,10
2025-11-20T14:36:47.904838,10.0,-74.30935382843018,11
2025-11-20T14:36:48.092946,10.0,-74.37569618225098,12
2025-11-20T14:36:48.280786,10.0,-74.28220272064209,13
2025-11-20T14:36:48.468189,10.0,-74.35615062713623,14
2025-11-20T14:36:48.655409,10.0,-74.3132734298706,15
2025-11-20T14:36:48.842200,10.0,-74.35787200927734,16
2025-11-20T14:36:49.029122,10.0,-74.3252944946289,17
2025-11-20T14:36:49.216859,10.0,-74.2800235748291,18
2025-11-20T14:36:49.403685,10.0,-74.38015460968018,19
2025-11-20T14:36:49.591482,10.0,-74.24649715423584,20
2025-11-20T14:36:49.779431,10.0,-74.35229778289795,21
2025-11-20T14:36:49.966808,10.0,-74.2659330368042,22
2025-11-20T14:36:50.153887,10.0,-74.3123197555542,23
2025-11-20T14:36:50.341339,10.0,-74.38190937042236,24
2025-11-20T14:36:50.528872,10.0,-74.23681259155273,25
2025-11-20T14:36:50.716642,10.0,-74.27987098693848,26
2025-11-20T14:36:50.904266,10.0,-74.33770656585693,27
2025-11-20T14:36:51.091941,10.0,-74.27858352661133,28
2025-11-20T14:36:51.278799,10.0,-74.20658111572266,29
2025-11-20T14:36:51.467226,10.0,-74.27322387695312,30
2025-11-20T14:36:51.655167,Noise,-74.28149223327637,0
2025-11-20T14:36:51.843158,Noise,-74.28968906402588,1
2025-11-20T14:36:52.031071,Noise,-74.2443323135376,2
2025-11-20T14:36:52.219362,Noise,-74.25783634185791,3
2025-11-20T14:36:52.407048,Noise,-74.31194305419922,4
2025-11-20T14:36:52.593885,Noise,-74.21836853027344,5
2025-11-20T14:36:52.781437,Noise,-74.3541145324707,6
2025-11-20T14:36:52.968937,Noise,-74.31331634521484,7
2025-11-20T14:36:53.155887,Noise,-74.29621696472168,8
2025-11-20T14:36:53.342916,Noise,-74.21520709991455,9
2025-11-20T14:36:53.530444,Noise,-74.31351661682129,10
2025-11-20T14:36:53.718161,Noise,-74.25485134124756,11
2025-11-20T14:36:53.905261,Noise,-74.31670188903809,12
2025-11-20T14:36:54.092154,Noise,-74.33494567871094,13
2025-11-20T14:36:54.279656,Noise,-74.19480800628662,14
2025-11-20T14:36:54.467503,Noise,-74.35130596160889,15
2025-11-20T14:36:54.655010,Noise,-74.35951232910156,16
2025-11-20T14:36:54.842431,Noise,-74.29712772369385,17
2025-11-20T14:36:55.030418,Noise,-74.35101985931396,18
2025-11-20T14:36:55.218254,Noise,-74.24971580505371,19
2025-11-20T14:36:55.405649,Noise,-74.26333427429199,20
2025-11-20T14:36:55.592724,Noise,-74.21829223632812,21
2025-11-20T14:36:55.780332,Noise,-74.28576946258545,22
2025-11-20T14:36:55.967684,Noise,-74.405517578125,23
2025-11-20T14:36:56.154963,Noise,-74.2664098739624,24
2025-11-20T14:36:56.342280,Noise,-74.31723594665527,25
2025-11-20T14:36:56.529426,Noise,-74.30370807647705,26
2025-11-20T14:36:56.716116,Noise,-74.31889057159424,27
2025-11-20T14:36:56.903259,Noise,-74.2559289932251,28
2025-11-20T14:36:57.091056,Noise,-74.29844856262207,29
2025-11-20T14:36:57.278828,Noise,-74.29744243621826,30
2025-11-20T14:36:57.466376,-5,-74.24727439880371,0
2025-11-20T14:36:57.653950,-5,-74.28710460662842,1
2025-11-20T14:36:57.841106,-5,-74.28807258605957,2
2025-11-20T14:36:58.027776,-5,-74.27027702331543,3
2025-11-20T14:36:58.215882,-5,-74.31124210357666,4
2025-11-20T14:36:58.403943,-5,-74.20876502990723,5
2025-11-20T14:36:58.591648,-5,-74.29688930511475,6
2025-11-20T14:36:58.779587,-5,-74.24906253814697,7
2025-11-20T14:36:58.967600,-5,-74.32104110717773,8
2025-11-20T14:36:59.155425,-5,-74.25326347351074,9
2025-11-20T14:36:59.343729,-5,-74.27589416503906,10
2025-11-20T14:36:59.531254,-5,-74.29414749145508,11
2025-11-20T14:36:59.718535,-5,-74.28911209106445,12
2025-11-20T14:36:59.906188,-5,-74.17432308197021,13
2025-11-20T14:37:00.093862,-5,-74.27050590515137,14
2025-11-20T14:37:00.281650,-5,-74.31806564331055,15
2025-11-20T14:37:00.468220,-5,-74.22823429107666,16
2025-11-20T14:37:00.655085,-5,-74.17503833770752,17
2025-11-20T14:37:00.842913,-5,-74.3003797531128,18
2025-11-20T14:37:01.030548,-5,-74.22341823577881,19
2025-11-20T14:37:01.218682,-5,-74.27343845367432,20
2025-11-20T14:37:01.406553,-5,-74.27079200744629,21
2025-11-20T14:37:01.592900,-5,-74.3258285522461,22
2025-11-20T14:37:01.779957,-5,-74.27561283111572,23
2025-11-20T14:37:01.967820,-5,-74.31632041931152,24
2025-11-20T14:37:02.155855,-5,-74.28732395172119,25
2025-11-20T14:37:02.344036,-5,-74.2868185043335,26
2025-11-20T14:37:02.531927,-5,-74.32353973388672,27
2025-11-20T14:37:02.719797,-5,-74.27191734313965,28
2025-11-20T14:37:02.907461,-5,-74.28373336791992,29
2025-11-20T14:37:03.095457,-5,-74.24956321716309,30
2025-11-20T14:37:35.814562,10.0,-74.78160858154297,0
2025-11-20T14:37:36.000969,10.0,-74.74123477935791,1
2025-11-20T14:37:36.188087,10.0,-74.6585750579834,2
2025-11-20T14:37:36.374821,10.0,-74.73093509674072,3
2025-11-20T14:37:36.562097,10.0,-74.6815013885498,4
2025-11-20T14:37:36.749424,10.0,-74.58244800567627,5
2025-11-20T14:37:36.936424,10.0,-74.61962699890137,6
2025-11-20T14:37:37.123358,10.0,-74.56616401672363,7
2025-11-20T14:37:37.311048,10.0,-74.53769207000732,8
2025-11-20T14:37:37.498533,10.0,-74.46889400482178,9
2025-11-20T14:37:37.686185,10.0,-74.49167251586914,10
2025-11-20T14:37:37.873667,10.0,-74.45290088653564,11
2025-11-20T14:37:38.061231,10.0,-74.4620418548584,12
2025-11-20T14:37:38.248964,10.0,-74.42922115325928,13
2025-11-20T14:37:38.435641,10.0,-74.4052791595459,14
2025-11-20T14:37:38.622852,10.0,-74.5561695098877,15
2025-11-20T14:37:38.810339,10.0,-74.46366786956787,16
2025-11-20T14:37:38.997670,10.0,-74.43979263305664,17
2025-11-20T14:37:39.185171,10.0,-74.42383766174316,18
2025-11-20T14:37:39.371944,10.0,-74.32826042175293,19
2025-11-20T14:37:39.560116,10.0,-74.38769340515137,20
2025-11-20T14:37:39.747920,10.0,-74.33526515960693,21
2025-11-20T14:37:39.935263,10.0,-74.33696746826172,22
2025-11-20T14:37:40.122481,10.0,-74.33442115783691,23
2025-11-20T14:37:40.310039,10.0,-74.31146144866943,24
2025-11-20T14:37:40.497849,10.0,-74.35253620147705,25
2025-11-20T14:37:40.685801,10.0,-74.32258129119873,26
2025-11-20T14:37:40.873319,10.0,-74.40579891204834,27
2025-11-20T14:37:41.060667,10.0,-74.24917697906494,28
2025-11-20T14:37:41.248238,10.0,-74.33838844299316,29
2025-11-20T14:37:41.435990,10.0,-74.2979097366333,30
2025-11-20T14:37:41.623188,Noise,-74.32201862335205,0
2025-11-20T14:37:41.809974,Noise,-74.4031286239624,1
2025-11-20T14:37:41.997380,Noise,-74.3532943725586,2
2025-11-20T14:37:42.185045,Noise,-74.2738151550293,3
2025-11-20T14:37:42.373469,Noise,-74.34019088745117,4
2025-11-20T14:37:42.561681,Noise,-74.26837921142578,5
2025-11-20T14:37:42.749705,Noise,-74.2972469329834,6
2025-11-20T14:37:42.937421,Noise,-74.286208152771,7
2025-11-20T14:37:43.125021,Noise,-74.36083793640137,8
2025-11-20T14:37:43.312315,Noise,-74.34572696685791,9
2025-11-20T14:37:43.499883,Noise,-74.25723552703857,10
2025-11-20T14:37:43.687824,Noise,-74.29132461547852,11
2025-11-20T14:37:43.875333,Noise,-74.27919387817383,12
2025-11-20T14:37:44.062891,Noise,-74.2654275894165,13
2025-11-20T14:37:44.250529,Noise,-74.28895950317383,14
2025-11-20T14:37:44.438686,Noise,-74.25893783569336,15
2025-11-20T14:37:44.625229,Noise,-74.32973384857178,16
2025-11-20T14:37:44.811422,Noise,-74.24342632293701,17
2025-11-20T14:37:44.998296,Noise,-74.21960353851318,18
2025-11-20T14:37:45.186255,Noise,-74.27181720733643,19
2025-11-20T14:37:45.373752,Noise,-74.26640510559082,20
2025-11-20T14:37:45.560818,Noise,-74.29262638092041,21
2025-11-20T14:37:45.747851,Noise,-74.20910835266113,22
2025-11-20T14:37:45.935108,Noise,-74.35399055480957,23
2025-11-20T14:37:46.122588,Noise,-74.3602180480957,24
2025-11-20T14:37:46.310063,Noise,-74.30180549621582,25
2025-11-20T14:37:46.497551,Noise,-74.3250846862793,26
2025-11-20T14:37:46.683884,Noise,-74.28483486175537,27
2025-11-20T14:37:46.870563,Noise,-74.2641544342041,28
2025-11-20T14:37:47.057974,Noise,-74.33251857757568,29
2025-11-20T14:37:47.245578,Noise,-74.32377815246582,30
2025-11-20T14:37:47.433524,-5,-74.27019119262695,0
2025-11-20T14:37:47.620599,-5,-74.26743507385254,1
2025-11-20T14:37:47.808431,-5,-74.34027671813965,2
2025-11-20T14:37:47.995960,-5,-74.27432060241699,3
2025-11-20T14:37:48.183578,-5,-74.3009901046753,4
2025-11-20T14:37:48.371441,-5,-74.28450107574463,5
2025-11-20T14:37:48.559112,-5,-74.28135395050049,6
2025-11-20T14:37:48.747243,-5,-74.27043437957764,7
2025-11-20T14:37:48.935198,-5,-74.34772491455078,8
2025-11-20T14:37:49.123047,-5,-74.31365966796875,9
2025-11-20T14:37:49.310838,-5,-74.3018388748169,10
2025-11-20T14:37:49.498870,-5,-74.3448543548584,11
2025-11-20T14:37:49.687003,-5,-74.22417163848877,12
2025-11-20T14:37:49.873574,-5,-74.28583145141602,13
2025-11-20T14:37:50.060694,-5,-74.26752090454102,14
2025-11-20T14:37:50.248186,-5,-74.32559013366699,15
2025-11-20T14:37:50.435241,-5,-74.25747871398926,16
2025-11-20T14:37:50.622075,-5,-74.32074546813965,17
2025-11-20T14:37:50.809566,-5,-74.32452201843262,18
2025-11-20T14:37:50.996747,-5,-74.21939373016357,19
2025-11-20T14:37:51.184369,-5,-74.27150249481201,20
2025-11-20T14:37:51.371535,-5,-74.23177242279053,21
2025-11-20T14:37:51.558615,-5,-74.280686378479,22
2025-11-20T14:37:51.746907,-5,-74.3971586227417,23
2025-11-20T14:37:51.934231,-5,-74.27381992340088,24
2025-11-20T14:37:52.122311,-5,-74.3294906616211,25
2025-11-20T14:37:52.310331,-5,-74.29157733917236,26
2025-11-20T14:37:52.498676,-5,-74.26527500152588,27
2025-11-20T14:37:52.686565,-5,-74.31986331939697,28
2025-11-20T14:37:52.874570,-5,-74.3062686920166,29
2025-11-20T14:37:53.062129,-5,-74.30590629577637,30
2025-11-20T14:39:34.107954,10.0,,0
2025-11-20T14:39:35.034919,10.0,,1
2025-11-20T14:39:35.962851,10.0,,2
2025-11-20T14:39:36.888262,10.0,,3
2025-11-20T14:43:34.296859,10.0,-74.14332866668701,0
2025-11-20T14:43:34.484526,10.0,-74.19459342956543,1
2025-11-20T14:43:34.672316,10.0,-74.1586971282959,2
2025-11-20T14:43:34.860039,10.0,-74.16860103607178,3
2025-11-20T14:43:35.047695,10.0,-74.2032241821289,4
2025-11-20T14:43:35.235683,10.0,-74.15798664093018,5
2025-11-20T14:43:35.422692,10.0,-74.17218208312988,6
2025-11-20T14:43:35.610853,10.0,-74.15823459625244,7
2025-11-20T14:43:35.798881,10.0,-74.24354553222656,8
2025-11-20T14:43:36.737881,10.0,,9
2025-11-20T14:43:37.666506,10.0,,10
2025-11-20T14:43:38.596645,10.0,,11
2025-11-20T14:43:39.526482,10.0,,12
2025-11-20T14:43:40.456389,10.0,,13
2025-11-20T14:43:41.386473,10.0,,14
2025-11-20T14:43:42.316398,10.0,,15
2025-11-20T14:43:43.246527,10.0,,16
2025-11-20T14:43:44.177679,10.0,,17
2025-11-20T14:43:45.109811,10.0,,18
2025-11-20T14:43:46.040344,10.0,,19
2025-11-20T14:45:58.471677,10.0,-74.91278171539307,0
2025-11-20T14:45:58.659336,10.0,-74.84944343566895,1
2025-11-20T14:45:58.846820,10.0,-74.79360103607178,2
2025-11-20T14:45:59.034270,10.0,-74.70975399017334,3
2025-11-20T14:45:59.221583,10.0,-74.63008880615234,4
2025-11-20T14:45:59.409495,10.0,-74.56339359283447,5
2025-11-20T14:45:59.597653,10.0,-74.64888572692871,6
2025-11-20T14:45:59.785420,10.0,-74.58558559417725,7
2025-11-20T14:45:59.973738,10.0,-74.54806804656982,8
2025-11-20T14:46:00.161511,10.0,-74.47195053100586,9
2025-11-20T14:46:00.349937,10.0,-74.48626518249512,10
2025-11-20T14:46:00.537596,10.0,-74.55231189727783,11
2025-11-20T14:46:00.725573,10.0,-74.48171615600586,12
2025-11-20T14:46:00.914017,10.0,-74.4800615310669,13
2025-11-20T14:46:01.102054,10.0,-74.45578098297119,14
2025-11-20T14:46:01.289605,10.0,-74.41591739654541,15
2025-11-20T14:46:01.478052,10.0,-74.37000751495361,16
2025-11-20T14:46:01.666182,10.0,-74.35985565185547,17
2025-11-20T14:46:01.854536,10.0,-74.37392234802246,18
2025-11-20T14:46:02.042989,10.0,-74.40321922302246,19
2025-11-20T14:46:02.231360,10.0,-74.45035457611084,20
2025-11-20T14:46:02.419002,10.0,-74.34568881988525,21
2025-11-20T14:46:02.606716,10.0,-74.30509567260742,22
2025-11-20T14:46:02.793770,10.0,-74.42885398864746,23
2025-11-20T14:46:02.980844,10.0,-74.3092679977417,24
2025-11-20T14:46:03.168252,10.0,-74.2929458618164,25
2025-11-20T14:46:03.354668,10.0,-74.3252944946289,26
2025-11-20T14:46:03.541534,10.0,-74.38080310821533,27
2025-11-20T14:46:03.729249,10.0,-74.40531253814697,28
2025-11-20T14:46:03.917007,10.0,-74.29934024810791,29
2025-11-20T14:46:04.104599,10.0,-74.32454109191895,30
2025-11-20T14:47:15.308507,10.0,-74.85796451568604,0
2025-11-20T14:47:15.496302,10.0,-74.75546836853027,1
2025-11-20T14:47:15.684104,10.0,-74.70632553100586,2
2025-11-20T14:47:15.871382,10.0,-74.6833086013794,3
2025-11-20T14:47:16.057665,10.0,-74.63982582092285,4
2025-11-20T14:47:16.245350,10.0,-74.61642265319824,5
2025-11-20T14:47:16.432464,10.0,-74.57714080810547,6
2025-11-20T14:47:16.619466,10.0,-74.61019515991211,7
2025-11-20T14:47:16.806778,10.0,-74.56053256988525,8
2025-11-20T14:47:16.994322,10.0,-74.47600364685059,9
2025-11-20T14:47:17.183131,10.0,-74.48446750640869,10
2025-11-20T14:47:17.370939,10.0,-74.51711177825928,11
2025-11-20T14:47:17.559113,10.0,-74.47729587554932,12
2025-11-20T14:47:17.746985,10.0,-74.42175388336182,13
2025-11-20T14:47:17.934121,10.0,-74.4049882888794,14
2025-11-20T14:47:18.121846,10.0,-74.39400672912598,15
2025-11-20T14:47:18.309476,10.0,-74.35069561004639,16
2025-11-20T14:47:18.497265,10.0,-74.42881107330322,17
2025-11-20T14:47:18.684923,10.0,-74.3559217453003,18
2025-11-20T14:47:18.872632,10.0,-74.38394546508789,19
2025-11-20T14:47:19.059941,10.0,-74.41356658935547,20
2025-11-20T14:47:19.247823,10.0,-74.39529418945312,21
2025-11-20T14:47:19.435722,10.0,-74.38532829284668,22
2025-11-20T14:47:19.623590,10.0,-74.39711093902588,23
2025-11-20T14:47:19.811306,10.0,-74.3044376373291,24
2025-11-20T14:47:19.998607,10.0,-74.31548595428467,25
2025-11-20T14:47:20.186189,10.0,-74.31161403656006,26
2025-11-20T14:47:20.373198,10.0,-74.3464469909668,27
2025-11-20T14:47:20.560492,10.0,-74.35093402862549,28
2025-11-20T14:47:20.747402,10.0,-74.33790683746338,29
2025-11-20T14:47:20.934315,10.0,-74.29962158203125,30
2025-11-20T14:47:21.122157,Noise,-74.35018062591553,0
2025-11-20T14:47:21.309410,Noise,-74.23856258392334,1
2025-11-20T14:47:21.496435,Noise,-74.3613338470459,2
2025-11-20T14:47:21.684260,Noise,-74.30932521820068,3
2025-11-20T14:47:21.871884,Noise,-74.2625617980957,4
2025-11-20T14:47:22.059724,Noise,-74.3671464920044,5
2025-11-20T14:47:22.247801,Noise,-74.33125495910645,6
2025-11-20T14:47:22.435841,Noise,-74.31525707244873,7
2025-11-20T14:47:22.623212,Noise,-74.34586524963379,8
2025-11-20T14:47:22.810519,Noise,-74.36614990234375,9
2025-11-20T14:47:22.998974,Noise,-74.31980609893799,10
2025-11-20T14:47:23.186815,Noise,-74.3115234375,11
2025-11-20T14:47:23.374800,Noise,-74.36543941497803,12
2025-11-20T14:47:23.562461,Noise,-74.37232971191406,13
2025-11-20T14:47:23.750253,Noise,-74.2540979385376,14
2025-11-20T14:47:23.938165,Noise,-74.30563449859619,15
2025-11-20T14:47:24.126352,Noise,-74.26412105560303,16
2025-11-20T14:47:24.314355,Noise,-74.16632652282715,17
2025-11-20T14:47:24.501288,Noise,-74.32116508483887,18
2025-11-20T14:47:24.688451,Noise,-74.26863670349121,19
2025-11-20T14:47:24.875145,Noise,-74.21053409576416,20
2025-11-20T14:47:25.061975,Noise,-74.23820972442627,21
2025-11-20T14:47:25.248856,Noise,-74.20072555541992,22
2025-11-20T14:47:25.435360,Noise,-74.29596900939941,23
2025-11-20T14:47:25.622056,Noise,-74.28281784057617,24
2025-11-20T14:47:25.808748,Noise,-74.23147201538086,25
2025-11-20T14:47:25.996195,Noise,-74.2528486251831,26
2025-11-20T14:47:26.183359,Noise,-74.31782722473145,27
2025-11-20T14:47:26.370667,Noise,-74.28483486175537,28
2025-11-20T14:47:26.557912,Noise,-74.33161735534668,29
2025-11-20T14:47:26.745265,Noise,-74.29789543151855,30
2025-11-20T14:47:26.932609,-5,-74.22725200653076,0
2025-11-20T14:47:27.119777,-5,-74.27737712860107,1
2025-11-20T14:47:27.306152,-5,-74.22461986541748,2
2025-11-20T14:48:54.695076,10.0,-74.20899391174316,0
2025-11-20T14:48:54.881796,10.0,-74.27753448486328,1
2025-11-20T14:48:55.069066,10.0,-74.29689407348633,2
2025-11-20T14:48:55.256667,10.0,-74.19990539550781,3
2025-11-20T14:48:55.443992,10.0,-74.24278736114502,4
2025-11-20T14:48:55.631910,10.0,-74.24082279205322,5
2025-11-20T14:48:55.819642,10.0,-74.29800987243652,6
2025-11-20T14:48:56.007526,10.0,-74.30430889129639,7
2025-11-20T14:48:56.194440,10.0,-74.26867008209229,8
2025-11-20T14:48:56.381385,10.0,-74.19350147247314,9
2025-11-20T14:48:56.568766,10.0,-74.29179668426514,10
2025-11-20T14:48:56.756549,10.0,-74.31112289428711,11
2025-11-20T14:48:56.944186,10.0,-74.19586181640625,12
2025-11-20T14:48:57.131716,10.0,-74.31856155395508,13
2025-11-20T14:48:57.318768,10.0,-74.34881210327148,14
2025-11-20T14:48:57.505498,10.0,-74.25747871398926,15
2025-11-20T14:48:57.692458,10.0,-74.19816970825195,16
2025-11-20T14:48:57.879781,10.0,-74.33918952941895,17
2025-11-20T14:48:58.067470,10.0,-74.28954601287842,18
2025-11-20T14:48:58.255105,10.0,-74.32178497314453,19
2025-11-20T14:48:58.441937,10.0,-74.26720142364502,20
2025-11-20T14:48:58.629187,10.0,-74.24276828765869,21
2025-11-20T14:48:58.816835,10.0,-74.28856372833252,22
2025-11-20T14:48:59.004754,10.0,-74.29014682769775,23
2025-11-20T14:48:59.192007,10.0,-74.27092552185059,24
2025-11-20T14:48:59.380318,10.0,-74.24742221832275,25
2025-11-20T14:48:59.568243,10.0,-74.216628074646,26
2025-11-20T14:48:59.754696,10.0,-74.27602291107178,27
2025-11-20T14:48:59.942624,10.0,-74.26909923553467,28
2025-11-20T14:49:00.130139,10.0,-74.29179191589355,29
2025-11-20T14:49:00.318072,10.0,-74.2688512802124,30
2025-11-20T14:49:00.505556,Noise,-74.26133632659912,0
2025-11-20T14:49:00.692617,Noise,-74.29213047027588,1
2025-11-20T14:49:00.880106,Noise,-74.36216831207275,2
2025-11-20T14:49:01.067317,Noise,-74.24232006072998,3
2025-11-20T14:49:01.255066,Noise,-74.34722423553467,4
2025-11-20T14:49:01.442227,Noise,-74.303879737854,5
2025-11-20T14:57:04.241990,10.0,-73.81957530975342,0
2025-11-20T14:57:04.428925,10.0,-73.74928951263428,1
2025-11-20T14:57:04.615986,10.0,-73.66351127624512,2
2025-11-20T14:57:04.803176,10.0,-73.6509370803833,3
2025-11-20T14:57:04.989367,10.0,-73.65299701690674,4
2025-11-20T14:57:05.176306,10.0,-73.61114978790283,5
2025-11-20T14:57:05.363394,10.0,-73.62196445465088,6
2025-11-20T14:57:05.549522,10.0,-73.57245922088623,7
2025-11-20T14:57:05.736707,10.0,-73.57980251312256,8
2025-11-20T14:57:05.924512,10.0,-73.62287044525146,9
2025-11-20T14:57:06.110540,10.0,-73.63369464874268,10
2025-11-20T14:57:06.298001,10.0,-73.54526042938232,11
2025-11-20T14:57:06.484725,10.0,-73.57875347137451,12
2025-11-20T14:57:06.671500,10.0,-73.57807159423828,13
2025-11-20T14:57:06.858095,10.0,-73.61449718475342,14
2025-11-20T14:57:07.044877,10.0,-73.61814498901367,15
2025-11-20T14:57:07.231680,10.0,-73.59886646270752,16
2025-11-20T14:57:07.417601,10.0,-73.6065673828125,17
2025-11-20T14:57:07.604236,10.0,-73.64461898803711,18
2025-11-20T14:57:07.790426,10.0,-73.67368698120117,19
2025-11-20T14:57:07.977264,10.0,-73.56235980987549,20
2025-11-20T14:57:08.164374,10.0,-73.57363700866699,21
2025-11-20T14:57:08.351457,10.0,-73.5842752456665,22
2025-11-20T14:57:08.538825,10.0,-73.58536720275879,23
2025-11-20T14:57:08.725996,10.0,-73.56651782989502,24
2025-11-20T14:57:08.913012,10.0,-73.59002113342285,25
2025-11-20T14:57:09.100290,10.0,-73.55170726776123,26
2025-11-20T14:57:09.287368,10.0,-73.57165336608887,27
2025-11-20T14:57:09.474367,10.0,-73.53124141693115,28
2025-11-20T14:57:09.661400,10.0,-73.50991725921631,29
2025-11-20T14:57:09.848649,10.0,-73.55778694152832,30
2025-11-20T14:57:10.036010,Noise,-73.62184047698975,0
2025-11-20T14:57:10.222958,Noise,-73.55440616607666,1
2025-11-20T14:57:10.409269,Noise,-73.59045028686523,2
2025-11-20T14:57:10.596595,Noise,-73.6638593673706,3
2025-11-20T14:57:10.784412,Noise,-73.64896297454834,4
2025-11-20T14:57:10.971645,Noise,-73.59159469604492,5
2025-11-20T14:57:11.158686,Noise,-73.59079360961914,6
2025-11-20T14:57:11.345802,Noise,-73.65282535552979,7
2025-11-20T14:57:11.533000,Noise,-73.54756355285645,8
2025-11-20T14:57:11.720410,Noise,-73.58757019042969,9
2025-11-20T14:57:11.907836,Noise,-73.57083797454834,10
2025-11-20T14:57:12.095844,Noise,-73.59795570373535,11
2025-11-20T14:57:12.282945,Noise,-73.58405113220215,12
2025-11-20T14:57:12.470005,Noise,-73.5639238357544,13
2025-11-20T14:57:12.656504,Noise,-73.54406356811523,14
2025-11-20T14:57:12.843402,Noise,-73.53069305419922,15
2025-11-20T14:57:13.030233,Noise,-73.61651420593262,16
2025-11-20T14:57:13.216435,Noise,-73.6042833328247,17
2025-11-20T14:57:13.403710,Noise,-73.54475021362305,18
2025-11-20T14:57:13.590406,Noise,-73.65950584411621,19
2025-11-20T14:57:13.777022,Noise,-73.62772464752197,20
2025-11-20T14:57:13.963427,Noise,-73.60115051269531,21
2025-11-20T14:57:14.149714,Noise,-73.55522155761719,22
2025-11-20T14:57:14.336242,Noise,-73.54974746704102,23
2025-11-20T14:57:14.522706,Noise,-73.60583782196045,24
2025-11-20T14:57:14.709260,Noise,-73.57326030731201,25
2025-11-20T14:57:14.895884,Noise,-73.60166549682617,26
2025-11-20T14:57:15.081635,Noise,-73.61555099487305,27
2025-11-20T14:57:15.267652,Noise,-73.53160858154297,28
2025-11-20T14:57:15.454235,Noise,-73.57186317443848,29
2025-11-20T14:57:15.640872,Noise,-73.54423522949219,30
2025-11-20T14:57:15.828356,-5,-73.61085891723633,0
2025-11-20T14:57:16.014575,-5,-73.60408306121826,1
2025-11-20T14:57:16.201124,-5,-73.64552021026611,2
2025-11-20T14:57:16.387714,-5,-73.66401672363281,3
2025-11-20T14:57:16.573685,-5,-73.55435371398926,4
2025-11-20T14:57:16.760444,-5,-73.57688426971436,5
2025-11-20T14:57:16.947776,-5,-73.60308647155762,6
2025-11-20T14:57:17.134666,-5,-73.57073783874512,7
2025-11-20T14:57:17.321412,-5,-73.56430053710938,8
2025-11-20T14:57:17.508588,-5,-73.60405921936035,9
2025-11-20T14:57:17.695203,-5,-73.66976261138916,10
2025-11-20T14:57:17.881271,-5,-73.59399795532227,11
2025-11-20T14:57:18.067938,-5,-73.60803604125977,12
2025-11-20T14:57:18.254126,-5,-73.6159086227417,13
2025-11-20T14:57:18.441135,-5,-73.5521411895752,14
2025-11-20T14:57:18.628098,-5,-73.70697498321533,15
2025-11-20T14:57:18.814751,-5,-73.56274127960205,16
2025-11-20T14:57:19.001317,-5,-73.6123514175415,17
2025-11-20T14:57:19.188276,-5,-73.64990711212158,18
2025-11-20T14:57:19.374821,-5,-73.53357791900635,19
2025-11-20T14:57:19.561622,-5,-73.34999561309814,20
2025-11-20T14:57:19.748472,-5,-73.67652416229248,21
2025-11-20T14:57:19.935567,-5,-73.5824203491211,22
2025-11-20T14:57:20.122219,-5,-73.57732772827148,23
2025-11-20T14:57:20.309149,-5,-73.56977939605713,24
2025-11-20T14:57:20.495798,-5,-73.49915504455566,25
2025-11-20T14:57:20.681512,-5,-73.56863975524902,26
2025-11-20T14:57:20.866591,-5,-73.55469703674316,27
2025-11-20T14:57:21.052199,-5,-73.60137462615967,28
2025-11-20T14:57:21.238360,-5,-73.58366012573242,29
2025-11-20T14:57:21.424931,-5,-73.60389709472656,30
2025-11-20T14:58:49.421443,10.0,-73.67180824279785,0
2025-11-20T14:58:49.609153,10.0,-73.63629341125488,1
2025-11-20T14:58:49.796221,10.0,-73.63190650939941,2
2025-11-20T14:58:49.983664,10.0,-73.67315769195557,3
2025-11-20T14:58:50.170382,10.0,-73.6973762512207,4
2025-11-20T14:58:50.357098,10.0,-73.66822242736816,5
2025-11-20T14:58:50.544187,10.0,-73.67199420928955,6
2025-11-20T14:58:50.731227,10.0,-73.70698928833008,7
2025-11-20T14:58:50.918636,10.0,-73.72852325439453,8
2025-11-20T14:58:51.104650,10.0,-73.61494541168213,9
2025-11-20T14:58:51.291094,10.0,-73.69057178497314,10
2025-11-20T14:58:51.477129,10.0,-73.65852355957031,11
2025-11-20T14:58:51.663406,10.0,-73.70340347290039,12
2025-11-20T14:58:51.849812,10.0,-73.57786178588867,13
2025-11-20T14:58:52.036863,10.0,-73.62248420715332,14
2025-11-20T14:58:52.223889,10.0,-73.67305278778076,15
2025-11-20T14:58:52.410731,10.0,-73.701171875,16
2025-11-20T14:58:52.596686,10.0,-73.73333930969238,17
2025-11-20T14:58:52.783471,10.0,-73.65991592407227,18
2025-11-20T14:58:52.971029,10.0,-73.70409488677979,19
2025-11-20T14:58:53.158283,10.0,-73.77081394195557,20
2025-11-20T14:58:53.345810,10.0,-73.70636940002441,21
2025-11-20T14:58:53.533189,10.0,-73.69608879089355,22
2025-11-20T14:58:53.720834,10.0,-73.72555255889893,23
2025-11-20T14:58:53.908575,10.0,-73.66734027862549,24
2025-11-20T14:58:54.095992,10.0,-73.73786926269531,25
2025-11-20T14:58:54.283298,10.0,-73.65418910980225,26
2025-11-20T14:58:54.470619,10.0,-73.68176937103271,27
2025-11-20T14:58:54.657244,10.0,-73.66213798522949,28
2025-11-20T14:58:54.844542,10.0,-73.68803024291992,29
2025-11-20T14:58:55.031322,10.0,-73.6565637588501,30
2025-11-20T14:58:55.218268,Noise,-73.69788646697998,0
2025-11-20T14:58:55.404944,Noise,-73.61803531646729,1
2025-11-20T14:58:55.592489,Noise,-73.67295265197754,2
2025-11-20T14:58:55.779825,Noise,-73.6200475692749,3
2025-11-20T14:58:55.966399,Noise,-73.6607027053833,4
2025-11-20T14:58:56.153076,Noise,-73.69758605957031,5
2025-11-20T14:58:56.339692,Noise,-73.63972187042236,6
2025-11-20T14:58:56.526259,Noise,-73.3656644821167,7
2025-11-20T14:58:56.713308,Noise,-73.57095718383789,8
2025-11-20T14:58:56.900477,Noise,-73.38927268981934,9
2025-11-20T14:58:57.087796,Noise,-73.49346160888672,10
2025-11-20T14:58:57.275218,Noise,-73.65403175354004,11
2025-11-20T14:58:57.462127,Noise,-73.5999584197998,12
2025-11-20T14:58:57.648912,Noise,-73.48501682281494,13
2025-11-20T14:58:57.835784,Noise,-73.63211631774902,14
2025-11-20T14:58:58.023000,Noise,-73.58331680297852,15
2025-11-20T14:58:58.210615,Noise,-73.50862979888916,16
2025-11-20T14:58:58.398329,Noise,-73.55179786682129,17
2025-11-20T14:58:58.586423,Noise,-73.50908279418945,18
2025-11-20T14:58:58.773769,Noise,-73.46452236175537,19
2025-11-20T14:58:58.961722,Noise,-73.46853733062744,20
2025-11-20T14:58:59.149781,Noise,-73.54302406311035,21
2025-11-20T14:58:59.336865,Noise,-73.52078914642334,22
2025-11-20T14:58:59.523958,Noise,-73.41088771820068,23
2025-11-20T14:58:59.711621,Noise,-73.34802627563477,24
2025-11-20T14:58:59.898583,Noise,-73.51919651031494,25
2025-11-20T14:59:00.085270,Noise,-73.46924304962158,26
2025-11-20T14:59:00.271808,Noise,-73.7941026687622,27
2025-11-20T14:59:00.458510,Noise,-73.69581699371338,28
2025-11-20T14:59:00.644993,Noise,-73.7793493270874,29
2025-11-20T14:59:00.831296,Noise,-73.77055644989014,30
2025-11-20T14:59:01.018214,-5,-73.75477313995361,0
2025-11-20T14:59:01.204507,-5,-73.81083488464355,1
2025-11-20T14:59:01.391237,-5,-73.70016098022461,2
2025-11-20T14:59:01.577723,-5,-73.70455265045166,3
2025-11-20T14:59:01.764090,-5,-73.75280380249023,4
2025-11-20T14:59:01.950457,-5,-73.78708362579346,5
2025-11-20T14:59:02.136904,-5,-73.68319511413574,6
2025-11-20T14:59:02.323456,-5,-73.80863189697266,7
2025-11-20T14:59:02.510344,-5,-73.79611492156982,8
2025-11-20T14:59:02.697506,-5,-73.80809783935547,9
2025-11-20T14:59:02.883944,-5,-73.61733913421631,10
2025-11-20T14:59:03.070531,-5,-73.62370014190674,11
2025-11-20T14:59:03.257011,-5,-73.61705780029297,12
2025-11-20T14:59:03.443753,-5,-73.6497974395752,13
2025-11-20T14:59:03.629140,-5,-73.61140727996826,14
2025-11-20T14:59:03.815699,-5,-73.59152793884277,15
2025-11-20T14:59:04.002597,-5,-73.68649959564209,16
2025-11-20T14:59:04.188587,-5,-73.63739967346191,17
2025-11-20T14:59:04.374867,-5,-73.6168098449707,18
2025-11-20T14:59:04.561353,-5,-73.5007905960083,19
2025-11-20T14:59:04.747945,-5,-73.56293678283691,20
2025-11-20T14:59:04.934268,-5,-73.61026287078857,21
2025-11-20T14:59:05.120597,-5,-73.1332015991211,22
2025-11-20T14:59:05.307448,-5,-73.08251857757568,23
2025-11-20T14:59:05.494132,-5,-73.08158874511719,24
2025-11-20T14:59:05.680676,-5,-73.17447185516357,25
2025-11-20T14:59:05.867629,-5,-73.12015533447266,26
2025-11-20T14:59:06.053779,-5,-73.2396125793457,27
2025-11-20T14:59:49.638379,-5,-74.00170803070068,28
2025-11-20T14:59:49.824748,-5,-73.80298137664795,29
2025-11-20T14:59:50.011876,-5,-73.82131576538086,30
2025-11-20T15:00:13.077046,10.0,-73.99730205535889,0
2025-11-20T15:00:13.263077,10.0,-73.90541076660156,1
2025-11-20T15:00:13.449160,10.0,-73.7954568862915,2
2025-11-20T15:00:13.635115,10.0,-73.77631187438965,3
2025-11-20T15:00:13.821824,10.0,-73.75776290893555,4
2025-11-20T15:00:14.008356,10.0,-73.7161111831665,5
2025-11-20T15:00:14.194816,10.0,-73.7364149093628,6
2025-11-20T15:00:14.381025,10.0,-73.74159812927246,7
2025-11-20T15:00:14.566879,10.0,-73.66366386413574,8
2025-11-20T15:00:14.753159,10.0,-73.70213508605957,9
2025-11-20T15:00:14.940343,10.0,-73.7477445602417,10
2025-11-20T15:00:15.127335,10.0,-73.65890979766846,11
2025-11-20T15:00:15.314023,10.0,-73.71330738067627,12
2025-11-20T15:00:15.500243,10.0,-73.63676071166992,13
2025-11-20T15:00:15.687511,10.0,-73.64495277404785,14
2025-11-20T15:00:15.873943,10.0,-73.7052869796753,15
2025-11-20T15:00:16.060801,10.0,-73.68743896484375,16
2025-11-20T15:00:16.248287,10.0,-73.7663459777832,17
2025-11-20T15:00:16.435095,10.0,-73.73988628387451,18
2025-11-20T15:00:16.621839,10.0,-73.72207164764404,19
2025-11-20T15:00:16.809383,10.0,-73.6838150024414,20
2025-11-20T15:00:16.997168,10.0,-73.72238636016846,21
2025-11-20T15:00:17.183899,10.0,-73.71710777282715,22
2025-11-20T15:00:17.371189,10.0,-73.67121696472168,23
2025-11-20T15:00:17.557279,10.0,-73.62780570983887,24
2025-11-20T15:00:17.743781,10.0,-73.4989070892334,25
2025-11-20T15:00:17.931493,10.0,-73.53752136230469,26
2025-11-20T15:00:18.118871,10.0,-73.7578535079956,27
2025-11-20T15:00:18.306354,10.0,-73.71426582336426,28
2025-11-20T15:00:18.493894,10.0,-73.61685276031494,29
2025-11-20T15:00:18.681336,10.0,-73.75253200531006,30
2025-11-20T15:00:18.868823,Noise,-73.65921974182129,0
2025-11-20T15:00:19.056219,Noise,-73.7440538406372,1
2025-11-20T15:00:19.243363,Noise,-73.61199855804443,2
2025-11-20T15:00:19.430191,Noise,-73.68640422821045,3
2025-11-20T15:00:19.617082,Noise,-73.64307403564453,4
2025-11-20T15:00:19.804485,Noise,-73.46718788146973,5
2025-11-20T15:00:19.991102,Noise,-73.61895084381104,6
2025-11-20T15:00:20.178118,Noise,-73.57673645019531,7
2025-11-20T15:00:20.365045,Noise,-73.44473361968994,8
2025-11-20T15:00:20.552561,Noise,-73.39945793151855,9
2025-11-20T15:00:20.739778,Noise,-73.73833179473877,10
2025-11-20T15:00:20.926795,Noise,-73.6750841140747,11
2025-11-20T15:00:21.114056,Noise,-73.61134052276611,12
2025-11-20T15:00:21.300894,Noise,-73.54292392730713,13
2025-11-20T15:00:21.488037,Noise,-73.63666534423828,14
2025-11-20T15:00:21.675182,Noise,-73.67612838745117,15
2025-11-20T15:00:21.863086,Noise,-73.65538120269775,16
2025-11-20T15:00:22.050130,Noise,-73.67268562316895,17
2025-11-20T15:00:22.237068,Noise,-73.62332820892334,18
2025-11-20T15:00:22.424189,Noise,-73.6001205444336,19
2025-11-20T15:00:22.611400,Noise,-73.75411033630371,20
2025-11-20T15:00:22.798648,Noise,-73.74588012695312,21
2025-11-20T15:00:22.985855,Noise,-73.70803833007812,22
2025-11-20T15:00:23.172898,Noise,-73.76330375671387,23
2025-11-20T15:00:23.360527,Noise,-73.75224113464355,24
2025-11-20T15:00:23.546887,Noise,-73.78194808959961,25
2025-11-20T15:00:23.733740,Noise,-73.71821880340576,26
2025-11-20T15:00:23.920405,Noise,-73.52869510650635,27
2025-11-20T15:00:24.107403,Noise,-73.66023063659668,28
2025-11-20T15:00:24.294167,Noise,-73.70792388916016,29
2025-11-20T15:00:24.481235,Noise,-73.59932899475098,30
2025-11-20T15:00:24.668281,-5,-73.5847806930542,0
2025-11-20T15:00:24.854539,-5,-73.55330467224121,1
2025-11-20T15:00:25.041500,-5,-73.62772464752197,2
2025-11-20T15:00:25.229013,-5,-73.66402626037598,3
2025-11-20T15:00:25.416994,-5,-73.68496417999268,4
2025-11-20T15:00:25.603916,-5,-73.62247943878174,5
2025-11-20T15:00:25.791250,-5,-73.62277507781982,6
2025-11-20T15:00:25.978232,-5,-73.5274076461792,7
2025-11-20T15:00:26.165571,-5,-73.57414245605469,8
2025-11-20T15:00:26.352876,-5,-73.49983215332031,9
2025-11-20T15:00:26.540282,-5,-73.23529243469238,10
2025-11-20T15:00:26.727750,-5,-73.26767921447754,11
2025-11-20T15:00:26.914081,-5,-73.60666751861572,12
2025-11-20T15:00:27.101570,-5,-73.53260517120361,13
2025-11-20T15:00:27.288739,-5,-73.59347820281982,14
2025-11-20T15:00:27.476107,-5,-73.49188804626465,15
2025-11-20T15:00:27.663369,-5,-73.59309673309326,16
2025-11-20T15:00:27.850640,-5,-73.5929822921753,17
2025-11-20T15:00:28.038105,-5,-73.41641426086426,18
2025-11-20T15:00:28.225389,-5,-73.55734348297119,19
2025-11-20T15:00:28.412690,-5,-73.59062671661377,20
2025-11-20T15:00:28.600201,-5,-73.60654830932617,21
2025-11-20T15:00:28.787264,-5,-73.6203384399414,22
2025-11-20T15:00:28.974633,-5,-73.45379829406738,23
2025-11-20T15:00:29.161993,-5,-73.53486061096191,24
2025-11-20T15:00:29.349515,-5,-73.39386463165283,25
2025-11-20T15:00:29.536591,-5,-73.24179649353027,26
2025-11-20T15:00:29.723020,-5,-73.39782238006592,27
2025-11-20T15:00:29.910157,-5,-73.44489574432373,28
2025-11-20T15:00:30.097592,-5,-73.43931674957275,29
2025-11-20T15:00:30.284961,-5,-73.53284358978271,30
2025-11-20T15:04:13.077627,10.0,-73.46472263336182,0
2025-11-20T15:04:13.265300,10.0,-73.48604202270508,1
2025-11-20T15:04:13.451790,10.0,-73.44240665435791,2
2025-11-20T15:04:13.638941,10.0,-73.46776008605957,3
2025-11-20T15:04:13.826346,10.0,-73.50709915161133,4
2025-11-20T15:04:14.013762,10.0,-73.40938091278076,5
2025-11-20T15:04:14.201468,10.0,-73.42860221862793,6
2025-11-20T15:04:14.389064,10.0,-73.46010208129883,7
2025-11-20T15:04:14.576424,10.0,-73.43493938446045,8
2025-11-20T15:04:14.763301,10.0,-73.44831466674805,9
2025-11-20T15:04:14.949935,10.0,-73.39677333831787,10
2025-11-20T15:04:15.136483,10.0,-73.42082977294922,11
2025-11-20T15:04:15.323303,10.0,-73.49411010742188,12
2025-11-20T15:04:15.509973,10.0,-73.38630676269531,13
2025-11-20T15:04:15.696728,10.0,-73.41061115264893,14
2025-11-20T15:04:15.883513,10.0,-73.43235969543457,15
2025-11-20T15:04:16.070172,10.0,-73.52561950683594,16
2025-11-20T15:04:16.256555,10.0,-73.47076416015625,17
2025-11-20T15:04:16.442758,10.0,-73.37764739990234,18
2025-11-20T15:04:16.629873,10.0,-73.44595432281494,19
2025-11-20T15:04:16.816856,10.0,-73.41794490814209,20
2025-11-20T15:04:17.003328,10.0,-73.41461181640625,21
2025-11-20T15:04:17.189370,10.0,-73.4055233001709,22
2025-11-20T15:04:17.376154,10.0,-73.46461296081543,23
2025-11-20T15:04:17.562749,10.0,-73.4290885925293,24
2025-11-20T15:04:17.749198,10.0,-73.41157913208008,25
2025-11-20T15:04:17.936411,10.0,-73.46843242645264,26
2025-11-20T15:04:18.123439,10.0,-73.34124088287354,27
2025-11-20T15:04:18.310515,10.0,-73.39900970458984,28
2025-11-20T15:04:18.497715,10.0,-73.40312957763672,29
2025-11-20T15:04:18.684611,10.0,-73.38786125183105,30
2025-11-20T15:04:18.871084,Noise,-73.45256805419922,0
2025-11-20T15:04:19.056989,Noise,-73.44209671020508,1
2025-11-20T15:04:19.243865,Noise,-73.37337970733643,2
2025-11-20T15:04:19.430267,Noise,-73.49059581756592,3
2025-11-20T15:04:19.616553,Noise,-73.37934494018555,4
2025-11-20T15:04:19.803239,Noise,-73.38999271392822,5
2025-11-20T15:04:19.989221,Noise,-73.45670700073242,6
2025-11-20T15:04:20.175589,Noise,-73.51308822631836,7
2025-11-20T15:04:20.362653,Noise,-73.43179225921631,8
2025-11-20T15:04:20.549017,Noise,-73.43023777008057,9
2025-11-20T15:04:20.735618,Noise,-73.45357894897461,10
2025-11-20T15:04:20.923224,Noise,-73.43141555786133,11
2025-11-20T15:04:21.110229,Noise,-73.37136268615723,12
2025-11-20T15:04:21.297137,Noise,-73.3857536315918,13
2025-11-20T15:04:21.484541,Noise,-73.4072732925415,14
2025-11-20T15:04:21.672084,Noise,-73.48776817321777,15
2025-11-20T15:04:21.859221,Noise,-73.45186233520508,16
2025-11-20T15:04:22.044798,Noise,-73.34910869598389,17
2025-11-20T15:04:22.231400,Noise,-73.46758842468262,18
2025-11-20T15:04:22.419313,Noise,-73.49948406219482,19
2025-11-20T15:04:22.606199,Noise,-73.48126411437988,20
2025-11-20T15:04:22.794134,Noise,-73.45125198364258,21
2025-11-20T15:04:22.981613,Noise,-73.45291137695312,22
2025-11-20T15:04:23.168772,Noise,-73.4291124343872,23
2025-11-20T15:04:23.355306,Noise,-73.4794569015503,24
2025-11-20T15:04:23.542992,Noise,-73.5318374633789,25
2025-11-20T15:04:23.730188,Noise,-73.44802856445312,26
2025-11-20T15:04:23.916504,Noise,-73.4260606765747,27
2025-11-20T15:04:24.103615,Noise,-73.41096878051758,28
2025-11-20T15:04:24.291517,Noise,-73.41389656066895,29
2025-11-20T15:04:24.478897,Noise,-73.45063209533691,30
2025-11-20T15:04:24.665649,-5,-73.38086128234863,0
2025-11-20T15:04:24.851867,-5,-73.48933696746826,1
2025-11-20T15:04:25.038228,-5,-73.51998329162598,2
2025-11-20T15:04:25.224496,-5,-73.41480731964111,3
2025-11-20T15:04:25.410963,-5,-73.5049295425415,4
2025-11-20T15:04:25.597336,-5,-73.3954906463623,5
2025-11-20T15:04:25.784345,-5,-73.42808723449707,6
2025-11-20T15:04:25.970902,-5,-73.400559425354,7
2025-11-20T15:04:26.157574,-5,-73.42846393585205,8
2025-11-20T15:04:26.344670,-5,-73.40371608734131,9
2025-11-20T15:04:26.531271,-5,-73.48360061645508,10
2025-11-20T15:04:26.718194,-5,-73.50540161132812,11
2025-11-20T15:04:26.904712,-5,-73.49175453186035,12
2025-11-20T15:04:27.091083,-5,-73.4159517288208,13
2025-11-20T15:04:27.277968,-5,-73.46864700317383,14
2025-11-20T15:04:27.464579,-5,-73.39908123016357,15
2025-11-20T15:04:27.650937,-5,-73.41062068939209,16
2025-11-20T15:04:27.838006,-5,-73.41100692749023,17
2025-11-20T15:04:28.024785,-5,-73.4160041809082,18
2025-11-20T15:04:28.212076,-5,-73.46091747283936,19
2025-11-20T15:04:28.398638,-5,-73.45297336578369,20
2025-11-20T15:04:28.585066,-5,-73.42632293701172,21
2025-11-20T15:04:28.770839,-5,-73.45945358276367,22
2025-11-20T15:04:28.957911,-5,-73.48342418670654,23
2025-11-20T15:04:29.144924,-5,-73.45207691192627,24
2025-11-20T15:04:29.331677,-5,-73.43338012695312,25
2025-11-20T15:04:29.518589,-5,-73.50712776184082,26
2025-11-20T15:04:29.705185,-5,-73.3818006515503,27
2025-11-20T15:04:29.891207,-5,-73.36770534515381,28
2025-11-20T15:04:30.077855,-5,-73.40922355651855,29
2025-11-20T15:04:30.264556,-5,-73.47346305847168,30
2025-11-20T15:05:39.708603,10.0,-73.71547222137451,0
2025-11-20T15:05:39.896124,10.0,-73.57730388641357,1
2025-11-20T15:05:40.083324,10.0,-73.57341289520264,2
2025-11-20T15:05:40.269224,10.0,-73.49668025970459,3
2025-11-20T15:05:40.455676,10.0,-73.49310874938965,4
2025-11-20T15:05:40.642158,10.0,-73.44083786010742,5
2025-11-20T15:05:40.829546,10.0,-73.41858863830566,6
2025-11-20T15:05:41.017157,10.0,-73.44930171966553,7
2025-11-20T15:05:41.204722,10.0,-73.42913150787354,8
2025-11-20T15:05:41.392231,10.0,-73.4675931930542,9
2025-11-20T15:05:41.578700,10.0,-73.48009586334229,10
2025-11-20T15:05:41.765345,10.0,-73.37228298187256,11
2025-11-20T15:05:41.951735,10.0,-73.37531566619873,12
2025-11-20T15:05:42.138261,10.0,-73.42121124267578,13
2025-11-20T15:05:42.324852,10.0,-73.42816352844238,14
2025-11-20T15:05:42.512265,10.0,-73.49542140960693,15
2025-11-20T15:05:42.699867,10.0,-73.41953754425049,16
2025-11-20T15:05:42.887222,10.0,-73.4431505203247,17
2025-11-20T15:05:43.073481,10.0,-73.40624332427979,18
2025-11-20T15:05:43.260742,10.0,-73.3597469329834,19
2025-11-20T15:05:43.448111,10.0,-73.39820861816406,20
2025-11-20T15:05:43.635510,10.0,-73.43958854675293,21
2025-11-20T15:05:43.823097,10.0,-73.57036113739014,22
2025-11-20T15:05:44.010154,10.0,-73.34297180175781,23
2025-11-20T15:05:44.197312,10.0,-73.26459407806396,24
2025-11-20T15:05:44.384770,10.0,-73.4897518157959,25
2025-11-20T15:05:44.572315,10.0,-73.64199638366699,26
2025-11-20T15:05:44.759649,10.0,-73.5395622253418,27
2025-11-20T15:05:44.947189,10.0,-73.62082958221436,28
2025-11-20T15:05:45.133475,10.0,-73.52715015411377,29
2025-11-20T15:05:45.319716,10.0,-73.52367401123047,30
2025-11-20T15:05:45.507020,Noise,-73.52178573608398,0
2025-11-20T15:05:45.694359,Noise,-73.45544338226318,1
2025-11-20T15:05:45.882047,Noise,-73.41909408569336,2
2025-11-20T15:05:46.069445,Noise,-73.41249465942383,3
2025-11-20T15:05:46.256569,Noise,-73.47609043121338,4
2025-11-20T15:05:46.443167,Noise,-73.37197303771973,5
2025-11-20T15:05:46.629410,Noise,-73.29147815704346,6
2025-11-20T15:05:46.815483,Noise,-73.61271858215332,7
2025-11-20T15:05:47.002453,Noise,-73.5187292098999,8
2025-11-20T15:05:47.190027,Noise,-73.48526954650879,9
2025-11-20T15:05:47.376926,Noise,-73.56746673583984,10
2025-11-20T15:05:47.563264,Noise,-73.37460517883301,11
2025-11-20T15:05:47.748910,Noise,-73.4711217880249,12
2025-11-20T15:05:47.934914,Noise,-73.45095634460449,13
2025-11-20T15:05:48.121339,Noise,-73.48076343536377,14
2025-11-20T15:05:48.308431,Noise,-73.54799747467041,15
2025-11-20T15:05:48.495423,Noise,-73.59540462493896,16
2025-11-20T15:05:48.682674,Noise,-73.47713470458984,17
2025-11-20T15:05:48.870218,Noise,-73.68024349212646,18
2025-11-20T15:05:49.058017,Noise,-73.39148998260498,19
2025-11-20T15:05:49.245185,Noise,-73.60137939453125,20
2025-11-20T15:05:49.432726,Noise,-73.39320659637451,21
2025-11-20T15:05:49.619930,Noise,-73.439040184021,22
2025-11-20T15:05:49.807024,Noise,-73.59158992767334,23
2025-11-20T15:05:49.994209,Noise,-73.5839033126831,24
2025-11-20T15:05:50.181221,Noise,-73.52711200714111,25
2025-11-20T15:05:50.368466,Noise,-73.47707271575928,26
2025-11-20T15:05:50.555081,Noise,-73.566575050354,27
2025-11-20T15:05:50.741927,Noise,-73.46299648284912,28
2025-11-20T15:05:50.929170,Noise,-73.58664035797119,29
2025-11-20T15:05:51.115999,Noise,-73.68692874908447,30
2025-11-20T15:05:51.302987,-5,-73.43076229095459,0
2025-11-20T15:05:51.489324,-5,-73.49344730377197,1
2025-11-20T15:05:51.676208,-5,-73.60407829284668,2
2025-11-20T15:05:51.863482,-5,-73.76762866973877,3
2025-11-20T15:05:52.050525,-5,-73.75082969665527,4
2025-11-20T15:05:52.237348,-5,-73.75895023345947,5
2025-11-20T15:05:52.424163,-5,-73.75603199005127,6
2025-11-20T15:05:52.610904,-5,-73.74603271484375,7
2025-11-20T15:05:52.797438,-5,-73.61111164093018,8
2025-11-20T15:05:52.985010,-5,-73.63622665405273,9
2025-11-20T15:05:53.171428,-5,-73.55408191680908,10
2025-11-20T15:05:53.358277,-5,-73.71227741241455,11
2025-11-20T15:05:53.544918,-5,-73.50221633911133,12
2025-11-20T15:05:53.732170,-5,-73.59459400177002,13
2025-11-20T15:05:53.919285,-5,-73.5666275024414,14
2025-11-20T15:05:54.106972,-5,-73.56991767883301,15
2025-11-20T15:05:54.294870,-5,-73.59029293060303,16
2025-11-20T15:05:54.482505,-5,-73.61687183380127,17
2025-11-20T15:05:54.669914,-5,-73.45499038696289,18
2025-11-20T15:05:54.857069,-5,-73.50903987884521,19
2025-11-20T15:05:55.044569,-5,-73.66053581237793,20
2025-11-20T15:05:55.232257,-5,-73.56751918792725,21
2025-11-20T15:05:55.419298,-5,-73.5347032546997,22
2025-11-20T15:05:55.606223,-5,-73.62437725067139,23
2025-11-20T15:05:55.793586,-5,-73.59268188476562,24
2025-11-20T15:05:55.981216,-5,-73.64940166473389,25
2025-11-20T15:05:56.168951,-5,-73.68504047393799,26
2025-11-20T15:05:56.355172,-5,-73.70218276977539,27
2025-11-20T15:05:56.541045,-5,-73.6672306060791,28
2025-11-20T15:05:56.727934,-5,-73.61517906188965,29
2025-11-20T15:05:56.915050,-5,-73.6548662185669,30
2025-11-20T15:07:24.489458,10.0,-73.77305030822754,0
2025-11-20T15:07:24.676349,10.0,-73.6688232421875,1
2025-11-20T15:07:24.862821,10.0,-73.68616580963135,2
2025-11-20T15:07:25.049311,10.0,-73.66706371307373,3
2025-11-20T15:07:25.235768,10.0,-73.64751815795898,4
2025-11-20T15:07:25.422216,10.0,-73.60718250274658,5
2025-11-20T15:07:25.608874,10.0,-73.58116149902344,6
2025-11-20T15:07:25.795840,10.0,-73.58740329742432,7
2025-11-20T15:07:25.983496,10.0,-73.5699987411499,8
2025-11-20T15:07:26.170804,10.0,-73.52027893066406,9
2025-11-20T15:07:26.357778,10.0,-73.56528282165527,10
2025-11-20T15:07:26.544547,10.0,-73.57590675354004,11
2025-11-20T15:07:26.730633,10.0,-73.5731315612793,12
2025-11-20T15:07:26.917093,10.0,-73.54963302612305,13
2025-11-20T15:07:27.103497,10.0,-73.57095241546631,14
2025-11-20T15:07:27.289721,10.0,-73.56031894683838,15
2025-11-20T15:07:27.475693,10.0,-73.40207576751709,16
2025-11-20T15:07:27.661887,10.0,-73.49058628082275,17
2025-11-20T15:07:27.847315,10.0,-73.66745948791504,18
2025-11-20T15:07:28.032963,10.0,-73.5958480834961,19
2025-11-20T15:07:28.219148,10.0,-73.59320163726807,20
2025-11-20T15:07:28.405709,10.0,-73.64025592803955,21
2025-11-20T15:07:28.591711,10.0,-73.54137420654297,22
2025-11-20T15:07:28.778342,10.0,-73.54692935943604,23
2025-11-20T15:07:28.964850,10.0,-73.45611572265625,24
2025-11-20T15:07:29.151142,10.0,-73.36187362670898,25
2025-11-20T15:07:29.337068,10.0,-73.2088041305542,26
2025-11-20T15:07:29.523430,10.0,-73.23793888092041,27
2025-11-20T15:07:29.710092,10.0,-73.23809623718262,28
2025-11-20T15:07:29.897517,10.0,-73.2771348953247,29
2025-11-20T15:07:30.084478,10.0,-73.35730075836182,30
2025-11-20T15:07:30.271690,Noise,-73.39282035827637,0
2025-11-20T15:07:30.458837,Noise,-73.3705997467041,1
2025-11-20T15:07:30.645450,Noise,-73.359055519104,2
2025-11-20T15:07:30.832423,Noise,-73.25279235839844,3
2025-11-20T15:07:31.018654,Noise,-73.21233749389648,4
2025-11-20T15:09:12.315650,10.0,-73.81756782531738,0
2025-11-20T15:09:12.503338,10.0,-73.81917476654053,1
2025-11-20T15:09:12.691309,10.0,-73.78885746002197,2
2025-11-20T15:09:12.879112,10.0,-73.77016067504883,3
2025-11-20T15:09:13.067122,10.0,-73.73111248016357,4
2025-11-20T15:09:13.254226,10.0,-73.70055198669434,5
2025-11-20T15:09:13.441700,10.0,-73.63102912902832,6
2025-11-20T15:09:13.628760,10.0,-73.67166042327881,7
2025-11-20T15:09:13.816329,10.0,-73.67367744445801,8
2025-11-20T15:09:14.004104,10.0,-73.48353862762451,9
2025-11-20T15:09:14.191526,10.0,-73.57149600982666,10
2025-11-20T15:09:14.378890,10.0,-73.57873916625977,11
2025-11-20T15:09:14.566114,10.0,-73.25884819030762,12
2025-11-20T15:09:14.753387,10.0,-73.30206394195557,13
2025-11-20T15:09:14.940610,10.0,-73.40540885925293,14
2025-11-20T15:09:15.127933,10.0,-73.35555076599121,15
2025-11-20T15:09:15.314782,10.0,-73.25000286102295,16
2025-11-20T15:09:15.501925,10.0,-73.3594274520874,17
2025-11-20T15:09:15.688880,10.0,-73.23843955993652,18
2025-11-20T15:09:15.875923,10.0,-73.26174259185791,19
2025-11-20T15:11:30.707157,10.0,-73.79649639129639,0
2025-11-20T15:11:30.893534,10.0,-73.72125148773193,1
2025-11-20T15:11:31.080208,10.0,-73.72806549072266,2
2025-11-20T15:11:31.267085,10.0,-73.70474338531494,3
2025-11-20T15:11:31.456336,10.0,-73.6800479888916,4
2025-11-20T15:11:31.643096,10.0,-73.70400905609131,5
2025-11-20T15:11:31.830034,10.0,-73.56829643249512,6
2025-11-20T15:11:32.016555,10.0,-73.57095718383789,7
2025-11-20T15:11:32.203156,10.0,-73.63229751586914,8
2025-11-20T15:11:32.389844,10.0,-73.50448608398438,9
2025-11-20T15:11:32.576505,10.0,-73.52700233459473,10
2025-11-20T15:11:32.762757,10.0,-73.5646915435791,11
2025-11-20T15:11:32.948762,10.0,-73.52779388427734,12
2025-11-20T15:11:33.135257,10.0,-73.49875926971436,13
2025-11-20T15:11:33.321489,10.0,-73.54382038116455,14
2025-11-20T15:11:33.508212,10.0,-73.55383396148682,15
2025-11-20T15:11:33.695069,10.0,-73.53585243225098,16
2025-11-20T15:11:33.881374,10.0,-73.54422092437744,17
2025-11-20T15:11:34.068324,10.0,-73.52530002593994,18
2025-11-20T15:11:34.255125,10.0,-73.55557918548584,19
2025-11-20T15:11:34.442130,10.0,-73.62320899963379,20
2025-11-20T15:11:34.627962,10.0,-73.56489181518555,21
2025-11-20T15:11:34.814553,10.0,-73.51067543029785,22
2025-11-20T15:11:35.001565,10.0,-73.61767292022705,23
2025-11-20T15:11:35.188301,10.0,-73.56027126312256,24
2025-11-20T15:11:35.375175,10.0,-73.56993675231934,25
2025-11-20T15:11:35.562234,10.0,-73.50100994110107,26
2025-11-20T15:11:35.748766,10.0,-73.2981014251709,27
2025-11-20T15:11:35.935435,10.0,-73.32758903503418,28
2025-11-20T15:11:36.122055,10.0,-73.36030006408691,29
2025-11-20T15:11:36.308717,10.0,-73.4953498840332,30
2025-11-20T15:11:36.495133,Noise,-73.28190803527832,0
2025-11-20T15:11:36.681940,Noise,-73.2465124130249,1
2025-11-20T15:11:36.868747,Noise,-73.20818901062012,2
2025-11-20T15:11:37.055313,Noise,-73.61138820648193,3
2025-11-20T15:11:37.242256,Noise,-73.70540618896484,4
2025-11-20T15:11:37.428674,Noise,-73.62532615661621,5
2025-11-20T15:11:37.615408,Noise,-73.663330078125,6
2025-11-20T15:11:37.801851,Noise,-73.66463661193848,7
2025-11-20T15:11:37.988562,Noise,-73.61722469329834,8
2025-11-20T15:11:38.175047,Noise,-73.54311466217041,9
2025-11-20T15:11:38.361748,Noise,-73.51378917694092,10
2025-11-20T15:11:38.548493,Noise,-73.44973564147949,11
2025-11-20T15:11:38.735631,Noise,-73.37412357330322,12
2025-11-20T15:11:38.922301,Noise,-73.34428787231445,13
2025-11-20T15:11:39.108658,Noise,-73.28616142272949,14
2025-11-20T15:11:39.295871,Noise,-73.31788063049316,15
2025-11-20T15:11:39.483132,Noise,-73.34335803985596,16
2025-11-20T15:11:39.669396,Noise,-73.37068557739258,17
2025-11-20T15:11:39.856033,Noise,-73.32687377929688,18
2025-11-20T15:11:40.042273,Noise,-73.4101390838623,19
2025-11-20T15:12:14.843064,10.0,-73.74956130981445,0
2025-11-20T15:12:15.030328,10.0,-73.64346981048584,1
2025-11-20T15:12:15.217204,10.0,-73.6482572555542,2
2025-11-20T15:12:15.404228,10.0,-73.52905750274658,3
2025-11-20T15:12:15.590694,10.0,-73.61920833587646,4
2025-11-20T15:12:15.777630,10.0,-73.5560941696167,5
2025-11-20T15:12:15.964605,10.0,-73.45608234405518,6
2025-11-20T15:12:16.151816,10.0,-73.58498096466064,7
2025-11-20T15:12:16.338951,10.0,-73.53774070739746,8
2025-11-20T15:12:16.525326,10.0,-73.51008415222168,9
2025-11-20T15:12:16.711782,10.0,-73.48020553588867,10
2025-11-20T15:12:16.899117,10.0,-73.49319458007812,11
2025-11-20T15:12:17.086425,10.0,-73.5810899734497,12
2025-11-20T15:12:17.273783,10.0,-73.50325107574463,13
2025-11-20T15:12:17.461410,10.0,-73.52103233337402,14
2025-11-20T15:12:17.648110,10.0,-73.51423263549805,15
2025-11-20T15:12:17.834691,10.0,-73.51122856140137,16
2025-11-20T15:12:18.020836,10.0,-73.58530044555664,17
2025-11-20T15:12:18.207407,10.0,-73.51970672607422,18
2025-11-20T15:12:18.393209,10.0,-73.55178833007812,19
2025-11-20T15:12:18.579559,10.0,-73.6101484298706,20
2025-11-20T15:12:18.765458,10.0,-73.42404365539551,21
2025-11-20T15:12:18.951911,10.0,-73.54272842407227,22
2025-11-20T15:12:19.139752,10.0,-73.53178024291992,23
2025-11-20T15:12:19.326268,10.0,-73.51821422576904,24
2025-11-20T15:12:19.513232,10.0,-73.5629940032959,25
2025-11-20T15:12:19.699931,10.0,-73.52256774902344,26
2025-11-20T15:12:19.886917,10.0,-73.42979907989502,27
2025-11-20T15:12:20.074385,10.0,-73.50289344787598,28
2025-11-20T15:12:20.261899,10.0,-73.495192527771,29
2025-11-20T15:12:20.449318,10.0,-73.52028846740723,30
2025-11-20T15:12:20.635966,Noise,-73.56779098510742,0
2025-11-20T15:12:20.823343,Noise,-73.56098175048828,1
2025-11-20T15:12:21.010579,Noise,-73.52414131164551,2
2025-11-20T15:12:21.197007,Noise,-73.54242324829102,3
2025-11-20T15:12:21.384054,Noise,-73.52231979370117,4
2025-11-20T15:12:21.571273,Noise,-73.53865146636963,5
2025-11-20T15:12:21.758151,Noise,-73.50487232208252,6
2025-11-20T15:12:21.945302,Noise,-73.5243034362793,7
2025-11-20T15:12:22.132626,Noise,-73.50866794586182,8
2025-11-20T15:12:22.320697,Noise,-73.49514484405518,9
2025-11-20T15:12:22.508511,Noise,-73.49079608917236,10
2025-11-20T15:12:22.696322,Noise,-73.54555606842041,11
2025-11-20T15:12:22.883705,Noise,-73.52740287780762,12
2025-11-20T15:12:23.070571,Noise,-73.52309703826904,13
2025-11-20T15:12:23.257580,Noise,-73.57193946838379,14
2025-11-20T15:12:23.444729,Noise,-73.5430908203125,15
2025-11-20T15:12:23.630820,Noise,-73.55476379394531,16
2025-11-20T15:12:23.818191,Noise,-73.51649761199951,17
2025-11-20T15:12:24.005492,Noise,-73.50921630859375,18
2025-11-20T15:12:24.192442,Noise,-73.49831581115723,19
2025-11-20T15:12:24.379342,Noise,-73.54300022125244,20
2025-11-20T15:12:24.566075,Noise,-73.54088306427002,21
2025-11-20T15:12:24.752104,Noise,-73.49503517150879,22
2025-11-20T15:12:24.938950,Noise,-73.47119331359863,23
2025-11-20T15:12:25.125878,Noise,-73.47578048706055,24
2025-11-20T15:12:25.312857,Noise,-73.50260734558105,25
2025-11-20T15:12:25.500121,Noise,-73.54548454284668,26
2025-11-20T15:12:25.687284,Noise,-73.57784748077393,27
2025-11-20T15:12:25.874916,Noise,-73.54696750640869,28
2025-11-20T15:12:26.062148,Noise,-73.51596355438232,29
2025-11-20T15:12:26.249645,Noise,-73.53607654571533,30
2025-11-20T15:12:26.437651,-5,-73.55595588684082,0
2025-11-20T15:12:26.624431,-5,-73.50264072418213,1
2025-11-20T15:12:26.811822,-5,-73.5484790802002,2
2025-11-20T15:12:26.999465,-5,-73.54061126708984,3
2025-11-20T15:12:27.186910,-5,-73.50391387939453,4
2025-11-20T15:12:27.374260,-5,-73.52837562561035,5
2025-11-20T15:12:27.560819,-5,-73.52400779724121,6
2025-11-20T15:12:27.748300,-5,-73.54091167449951,7
2025-11-20T15:12:27.935910,-5,-73.53352069854736,8
2025-11-20T15:12:28.123307,-5,-73.58023166656494,9
2025-11-20T15:12:28.311016,-5,-73.4932279586792,10
2025-11-20T15:12:28.498117,-5,-73.51209163665771,11
2025-11-20T15:12:28.684590,-5,-73.47885131835938,12
2025-11-20T15:12:28.872029,-5,-73.50661277770996,13
2025-11-20T15:12:29.059289,-5,-73.53824138641357,14
2025-11-20T15:12:29.247052,-5,-73.49389553070068,15
2025-11-20T15:12:29.434970,-5,-73.5622787475586,16
2025-11-20T15:12:29.622147,-5,-73.57236385345459,17
2025-11-20T15:12:29.809718,-5,-73.51747035980225,18
2025-11-20T15:12:29.996761,-5,-73.53719234466553,19
2025-11-20T15:12:30.183407,-5,-73.55602741241455,20
2025-11-20T15:12:30.370659,-5,-73.47923278808594,21
2025-11-20T15:12:30.557539,-5,-73.4742546081543,22
2025-11-20T15:12:30.743999,-5,-73.5460376739502,23
2025-11-20T15:12:30.931052,-5,-73.50181102752686,24
2025-11-20T15:12:31.117361,-5,-73.50342750549316,25
2025-11-20T15:12:31.304122,-5,-73.5231351852417,26
2025-11-20T15:12:31.489451,-5,-73.48191261291504,27
2025-11-20T15:12:31.675178,-5,-73.53798866271973,28
2025-11-20T15:12:31.861776,-5,-73.48568916320801,29
2025-11-20T15:12:32.049430,-5,-73.53805541992188,30
2025-11-20T15:19:30.358692,10.0,-73.84814739227295,0
2025-11-20T15:19:30.545969,10.0,-73.7494421005249,1
2025-11-20T15:19:30.733104,10.0,-73.68260383605957,2
2025-11-20T15:19:30.920594,10.0,-73.68999004364014,3
2025-11-20T15:19:31.107400,10.0,-73.59965324401855,4
2025-11-20T15:19:31.295755,10.0,-73.57223987579346,5
2025-11-20T15:19:31.483750,10.0,-73.63453388214111,6
2025-11-20T15:19:31.671801,10.0,-73.61590385437012,7
2025-11-20T15:19:31.858808,10.0,-73.51978302001953,8
2025-11-20T15:19:32.046271,10.0,-73.58611106872559,9
2025-11-20T15:19:32.234094,10.0,-73.59095573425293,10
2025-11-20T15:19:32.421489,10.0,-73.55638027191162,11
2025-11-20T15:19:32.609278,10.0,-73.54841709136963,12
2025-11-20T15:19:32.796861,10.0,-73.57822895050049,13
2025-11-20T15:19:32.984988,10.0,-73.52025032043457,14
2025-11-20T15:19:33.173309,10.0,-73.59262466430664,15
2025-11-20T15:19:33.362009,10.0,-73.51609706878662,16
2025-11-20T15:19:33.549404,10.0,-73.53132247924805,17
2025-11-20T15:19:33.737596,10.0,-73.525390625,18
2025-11-20T15:19:33.925372,10.0,-73.48143577575684,19
2025-11-20T15:19:34.112949,10.0,-73.49847316741943,20
2025-11-20T15:19:34.299920,10.0,-73.53572845458984,21
2025-11-20T15:19:34.487259,10.0,-73.60492706298828,22
2025-11-20T15:19:34.673104,10.0,-73.54438304901123,23
2025-11-20T15:19:34.859691,10.0,-73.557448387146,24
2025-11-20T15:19:35.046763,10.0,-73.51248741149902,25
2025-11-20T15:19:35.233739,10.0,-73.5573148727417,26
2025-11-20T15:19:35.420962,10.0,-73.55842590332031,27
2025-11-20T15:19:35.608613,10.0,-73.56240272521973,28
2025-11-20T15:19:35.795184,10.0,-73.54239463806152,29
2025-11-20T15:19:35.982456,10.0,-73.5404634475708,30
2025-11-20T15:19:36.169757,Noise,-73.512282371521,0
2025-11-20T15:19:36.356758,Noise,-73.55111122131348,1
2025-11-20T15:19:36.544163,Noise,-73.52771759033203,2
2025-11-20T15:19:36.731446,Noise,-73.53560447692871,3
2025-11-20T15:19:36.918259,Noise,-73.59762668609619,4
2025-11-20T15:19:37.105901,Noise,-73.51654052734375,5
2025-11-20T15:19:37.292845,Noise,-73.56343269348145,6
2025-11-20T15:19:37.480425,Noise,-73.54804515838623,7
2025-11-20T15:19:37.668255,Noise,-73.58284950256348,8
2025-11-20T15:19:37.855416,Noise,-73.51172924041748,9
2025-11-20T15:19:38.041593,Noise,-73.5505485534668,10
2025-11-20T15:19:38.229435,Noise,-73.51710796356201,11
2025-11-20T15:19:38.416918,Noise,-73.55273246765137,12
2025-11-20T15:19:38.603402,Noise,-73.4858751296997,13
2025-11-20T15:19:38.790482,Noise,-73.48306655883789,14
2025-11-20T15:19:38.976894,Noise,-73.56425762176514,15
2025-11-20T15:19:39.163515,Noise,-73.54507446289062,16
2025-11-20T15:19:39.350603,Noise,-73.50095748901367,17
2025-11-20T15:19:39.537182,Noise,-73.54747295379639,18
2025-11-20T15:19:39.724109,Noise,-73.6336898803711,19
2025-11-20T15:19:39.911536,Noise,-73.57546329498291,20
2025-11-20T15:19:40.097785,Noise,-73.52994918823242,21
2025-11-20T15:19:40.284442,Noise,-73.5966444015503,22
2025-11-20T15:19:40.470969,Noise,-73.47382068634033,23
2025-11-20T15:19:40.657740,Noise,-73.56380939483643,24
2025-11-20T15:19:40.844207,Noise,-73.59314918518066,25
2025-11-20T15:19:41.030936,Noise,-73.60255241394043,26
2025-11-20T15:19:41.216840,Noise,-73.5533857345581,27
2025-11-20T15:19:41.402847,Noise,-73.58356475830078,28
2025-11-20T15:19:41.588951,Noise,-73.53667736053467,29
2025-11-20T15:19:41.775858,Noise,-73.54493618011475,30
2025-11-20T15:19:41.962772,-5,-73.5548734664917,0
2025-11-20T15:19:42.149694,-5,-73.52412223815918,1
2025-11-20T15:19:42.336614,-5,-73.47574710845947,2
2025-11-20T15:19:42.524163,-5,-73.54034423828125,3
2025-11-20T15:19:42.712503,-5,-73.56555461883545,4
2025-11-20T15:19:42.899774,-5,-73.57394695281982,5
2025-11-20T15:19:43.086268,-5,-73.56010913848877,6
2025-11-20T15:19:43.272990,-5,-73.52547645568848,7
2025-11-20T15:19:43.460257,-5,-73.50027084350586,8
2025-11-20T15:19:43.647401,-5,-73.51492881774902,9
2025-11-20T15:19:43.834932,-5,-73.6109972000122,10
2025-11-20T15:19:44.021990,-5,-73.50443363189697,11
2025-11-20T15:19:44.208793,-5,-73.49413871765137,12
2025-11-20T15:19:44.396008,-5,-73.52636814117432,13
2025-11-20T15:19:44.583081,-5,-73.56584072113037,14
2025-11-20T15:19:44.769026,-5,-73.56279850006104,15
2025-11-20T15:19:44.955593,-5,-73.53795528411865,16
2025-11-20T15:19:45.142442,-5,-73.54765892028809,17
2025-11-20T15:19:45.327607,-5,-73.52675437927246,18
2025-11-20T15:19:45.513493,-5,-73.56032371520996,19
2025-11-20T15:19:45.699931,-5,-73.55734825134277,20
2025-11-20T15:19:45.885898,-5,-73.57167720794678,21
2025-11-20T15:19:46.072596,-5,-73.57367992401123,22
2025-11-20T15:19:46.258541,-5,-73.56058597564697,23
2025-11-20T15:19:46.444586,-5,-73.48994255065918,24
2025-11-20T15:19:46.631683,-5,-73.55041027069092,25
2025-11-20T15:19:46.818578,-5,-73.54804515838623,26
2025-11-20T15:19:47.006401,-5,-73.57701301574707,27
2025-11-20T15:19:47.193801,-5,-73.57689380645752,28
2025-11-20T15:19:47.381594,-5,-73.54806900024414,29
2025-11-20T15:19:47.568502,-5,-73.56147766113281,30
2025-11-20T15:21:32.046597,10.0,-73.72222900390625,0
2025-11-20T15:21:32.234499,10.0,-73.70776176452637,1
2025-11-20T15:21:32.421560,10.0,-73.64403247833252,2
2025-11-20T15:21:32.608559,10.0,-73.63361358642578,3
2025-11-20T15:21:32.795377,10.0,-73.64542961120605,4
2025-11-20T15:21:32.982494,10.0,-73.6457347869873,5
2025-11-20T15:21:33.169574,10.0,-73.60894203186035,6
2025-11-20T15:21:33.356730,10.0,-73.58761787414551,7
2025-11-20T15:21:33.544024,10.0,-73.53982448577881,8
2025-11-20T15:21:33.731253,10.0,-73.62709522247314,9
2025-11-20T15:21:33.917918,10.0,-73.60995292663574,10
2025-11-20T15:21:34.104573,10.0,-73.5246992111206,11
2025-11-20T15:21:34.291612,10.0,-73.6055850982666,12
2025-11-20T15:21:34.478259,10.0,-73.52189540863037,13
2025-11-20T15:21:34.664605,10.0,-73.51643562316895,14
2025-11-20T15:21:34.852173,10.0,-73.62013816833496,15
2025-11-20T15:21:35.039135,10.0,-73.52919578552246,16
2025-11-20T15:21:35.225410,10.0,-73.58613014221191,17
2025-11-20T15:21:35.411773,10.0,-73.51109027862549,18
2025-11-20T15:21:35.597191,10.0,-73.54286670684814,19
2025-11-20T15:21:35.783452,10.0,-73.53675365447998,20
2025-11-20T15:21:35.970128,10.0,-73.57100009918213,21
2025-11-20T15:21:36.156258,10.0,-73.57874393463135,22
2025-11-20T15:21:36.342430,10.0,-73.49706649780273,23
2025-11-20T15:21:36.529097,10.0,-73.48610401153564,24
2025-11-20T15:21:36.715471,10.0,-73.60032558441162,25
2025-11-20T15:21:36.902484,10.0,-73.45003604888916,26
2025-11-20T15:21:37.090018,10.0,-73.52917671203613,27
2025-11-20T15:21:37.277151,10.0,-73.54911804199219,28
2025-11-20T15:21:37.464988,10.0,-73.55041027069092,29
2025-11-20T15:21:37.652406,10.0,-73.46463203430176,30
2025-11-20T15:21:37.840056,Noise,-73.62035751342773,0
2025-11-20T15:21:38.027467,Noise,-73.50597381591797,1
2025-11-20T15:21:38.215065,Noise,-73.52651596069336,2
2025-11-20T15:21:38.402485,Noise,-73.57987403869629,3
2025-11-20T15:21:38.589726,Noise,-73.50517272949219,4
2025-11-20T15:21:38.776465,Noise,-73.57614994049072,5
2025-11-20T15:21:38.964199,Noise,-73.52662086486816,6
2025-11-20T15:21:39.151341,Noise,-73.55311393737793,7
2025-11-20T15:21:39.338042,Noise,-73.57065200805664,8
2025-11-20T15:21:39.525692,Noise,-73.58307361602783,9
2025-11-20T15:21:39.712947,Noise,-73.57518672943115,10
2025-11-20T15:21:39.899052,Noise,-73.57334613800049,11
2025-11-20T15:21:40.085590,Noise,-73.5251235961914,12
2025-11-20T15:21:40.271893,Noise,-73.54321479797363,13
2025-11-20T15:21:40.459301,Noise,-73.53413105010986,14
2025-11-20T15:21:40.645933,Noise,-73.58094215393066,15
2025-11-20T15:21:40.832934,Noise,-73.47501754760742,16
2025-11-20T15:21:41.020426,Noise,-73.532395362854,17
2025-11-20T15:21:41.207806,Noise,-73.57463836669922,18
2025-11-20T15:21:41.395443,Noise,-73.55623245239258,19
2025-11-20T15:21:41.582814,Noise,-73.57710838317871,20
2025-11-20T15:21:41.770586,Noise,-73.47151279449463,21
2025-11-20T15:21:41.957839,Noise,-73.58591556549072,22
2025-11-20T15:21:42.144769,Noise,-73.58569145202637,23
2025-11-20T15:21:42.331645,Noise,-73.52321147918701,24
2025-11-20T15:21:42.518683,Noise,-73.56259822845459,25
2025-11-20T15:21:42.706272,Noise,-73.5325813293457,26
2025-11-20T15:21:42.893860,Noise,-73.57155799865723,27
2025-11-20T15:21:43.080874,Noise,-73.56826782226562,28
2025-11-20T15:21:43.268173,Noise,-73.54288101196289,29
2025-11-20T15:21:43.455723,Noise,-73.52299213409424,30
2025-11-20T15:21:43.642983,-5,-73.56918334960938,0
2025-11-20T15:21:43.830596,-5,-73.54658126831055,1
2025-11-20T15:21:44.017820,-5,-73.5693359375,2
2025-11-20T15:21:44.204851,-5,-73.58057975769043,3
2025-11-20T15:21:44.391958,-5,-73.6088514328003,4
2025-11-20T15:21:44.579463,-5,-73.56414794921875,5
2025-11-20T15:21:44.766167,-5,-73.5660457611084,6
2025-11-20T15:21:44.953170,-5,-73.48711013793945,7
2025-11-20T15:21:45.140802,-5,-73.60893726348877,8
2025-11-20T15:21:45.328207,-5,-73.53820323944092,9
2025-11-20T15:21:45.515618,-5,-73.58292579650879,10
2025-11-20T15:21:45.702660,-5,-73.55597972869873,11
2025-11-20T15:21:45.889428,-5,-73.53391647338867,12
2025-11-20T15:21:46.075548,-5,-73.57028007507324,13
2025-11-20T15:21:46.263095,-5,-73.58024597167969,14
2025-11-20T15:21:46.450791,-5,-73.5287857055664,15
2025-11-20T15:21:46.638020,-5,-73.53011131286621,16
2025-11-20T15:21:46.825206,-5,-73.54572296142578,17
2025-11-20T15:21:47.012421,-5,-73.4887170791626,18
2025-11-20T15:21:47.199456,-5,-73.56317520141602,19
2025-11-20T15:21:47.386441,-5,-73.51702213287354,20
2025-11-20T15:21:47.571530,-5,-73.51893424987793,21
2025-11-20T15:21:47.756950,-5,-73.4654712677002,22
2025-11-20T15:21:47.944226,-5,-73.60573291778564,23
2025-11-20T15:21:48.131418,-5,-73.58449459075928,24
2025-11-20T15:21:48.318213,-5,-73.5649061203003,25
2025-11-20T15:21:48.505385,-5,-73.54825973510742,26
2025-11-20T15:21:48.692806,-5,-73.48189353942871,27
2025-11-20T15:21:48.879908,-5,-73.53281497955322,28
2025-11-20T15:21:49.066980,-5,-73.60251426696777,29
2025-11-20T15:21:49.254666,-5,-73.53832244873047,30
2025-11-20T15:24:14.575793,10.0,-73.77703666687012,0
2025-11-20T15:24:14.763561,10.0,-73.78086566925049,1
2025-11-20T15:24:14.950226,10.0,-73.64348888397217,2
2025-11-20T15:24:15.137187,10.0,-73.63649368286133,3
2025-11-20T15:24:15.324817,10.0,-73.6413049697876,4
2025-11-20T15:24:15.510807,10.0,-73.62250328063965,5
2025-11-20T15:24:15.697322,10.0,-73.52137565612793,6
2025-11-20T15:24:15.884674,10.0,-73.55859756469727,7
2025-11-20T15:24:16.072029,10.0,-73.59413146972656,8
2025-11-20T15:24:16.259146,10.0,-73.59852313995361,9
2025-11-20T15:24:16.446253,10.0,-73.56365203857422,10
2025-11-20T15:24:16.633314,10.0,-73.53569507598877,11
2025-11-20T15:24:16.820519,10.0,-73.54822635650635,12
2025-11-20T15:24:17.007922,10.0,-73.58274936676025,13
2025-11-20T15:24:17.194791,10.0,-73.60433101654053,14
2025-11-20T15:24:17.381230,10.0,-73.54825496673584,15
2025-11-20T15:24:17.567065,10.0,-73.56227397918701,16
2025-11-20T15:24:17.754154,10.0,-73.56823444366455,17
2025-11-20T15:24:17.942099,10.0,-73.52758407592773,18
2025-11-20T15:24:18.128822,10.0,-73.56678009033203,19
2025-11-20T15:24:18.315758,10.0,-73.58604431152344,20
2025-11-20T15:24:18.503491,10.0,-73.58521461486816,21
2025-11-20T15:24:18.691069,10.0,-73.56476783752441,22
2025-11-20T15:24:18.878194,10.0,-73.59391212463379,23
2025-11-20T15:24:19.065920,10.0,-73.505539894104,24
2025-11-20T15:24:19.253362,10.0,-73.66142272949219,25
2025-11-20T15:24:19.439702,10.0,-73.5255765914917,26
2025-11-20T15:24:19.626668,10.0,-73.5533094406128,27
2025-11-20T15:24:19.813779,10.0,-73.52895259857178,28
2025-11-20T15:24:20.000698,10.0,-73.52429866790771,29
2025-11-20T15:24:20.187961,10.0,-73.55875015258789,30
2025-11-20T15:24:20.375588,Noise,-73.5762882232666,0
2025-11-20T15:24:20.562357,Noise,-73.64094734191895,1
2025-11-20T15:24:20.749689,Noise,-73.48915576934814,2
2025-11-20T15:24:20.937276,Noise,-73.51712226867676,3
2025-11-20T15:24:21.124709,Noise,-73.48230838775635,4
2025-11-20T15:24:21.312030,Noise,-73.61390113830566,5
2025-11-20T15:24:21.499076,Noise,-73.54785919189453,6
2025-11-20T15:24:21.685535,Noise,-73.57306957244873,7
2025-11-20T15:24:21.872423,Noise,-73.56170177459717,8
2025-11-20T15:24:22.058790,Noise,-73.54523658752441,9
2025-11-20T15:24:22.244978,Noise,-73.54388236999512,10
2025-11-20T15:24:22.431001,Noise,-73.61329555511475,11
2025-11-20T15:24:22.617179,Noise,-73.53386402130127,12
2025-11-20T15:24:22.803934,Noise,-73.54707717895508,13
2025-11-20T15:24:22.991023,Noise,-73.60003471374512,14
2025-11-20T15:24:23.178247,Noise,-73.53352546691895,15
2025-11-20T15:24:23.364995,Noise,-73.55308055877686,16
2025-11-20T15:24:23.552031,Noise,-73.59660148620605,17
2025-11-20T15:24:23.739713,Noise,-73.49720478057861,18
2025-11-20T15:24:23.927463,Noise,-73.54964256286621,19
2025-11-20T15:24:24.113853,Noise,-73.56226921081543,20
2025-11-20T15:24:24.299641,Noise,-73.53055000305176,21
2025-11-20T15:24:24.486159,Noise,-73.58166694641113,22
2025-11-20T15:24:24.672769,Noise,-73.62935543060303,23
2025-11-20T15:24:24.859475,Noise,-73.55365753173828,24
2025-11-20T15:24:25.045862,Noise,-73.57939720153809,25
2025-11-20T15:24:25.232657,Noise,-73.56805801391602,26
2025-11-20T15:24:25.419432,Noise,-73.58876705169678,27
2025-11-20T15:24:25.606332,Noise,-73.58636379241943,28
2025-11-20T15:24:25.792923,Noise,-73.50965976715088,29
2025-11-20T15:24:25.979848,Noise,-73.54544639587402,30
2025-11-20T15:24:26.166896,-5,-73.51595401763916,0
2025-11-20T15:24:26.353360,-5,-73.55196952819824,1
2025-11-20T15:24:26.540568,-5,-73.58988285064697,2
2025-11-20T15:24:26.726616,-5,-73.57261657714844,3
2025-11-20T15:24:26.914056,-5,-73.6182165145874,4
2025-11-20T15:24:27.101220,-5,-73.58355522155762,5
2025-11-20T15:24:27.288481,-5,-73.5237169265747,6
2025-11-20T15:24:27.474886,-5,-73.5826826095581,7
2025-11-20T15:24:27.661924,-5,-73.5114860534668,8
2025-11-20T15:24:27.847567,-5,-73.56578826904297,9
2025-11-20T15:24:28.033706,-5,-73.52891445159912,10
2025-11-20T15:24:28.221850,-5,-73.5904598236084,11
2025-11-20T15:24:28.409141,-5,-73.5078477859497,12
2025-11-20T15:24:28.596601,-5,-73.50575923919678,13
2025-11-20T15:24:28.783298,-5,-73.56316566467285,14
2025-11-20T15:24:28.970196,-5,-73.55549335479736,15
2025-11-20T15:24:29.157131,-5,-73.57150554656982,16
2025-11-20T15:24:29.344106,-5,-73.48798751831055,17
2025-11-20T15:24:29.530540,-5,-73.49003791809082,18
2025-11-20T15:24:29.717279,-5,-73.57973098754883,19
2025-11-20T15:24:29.904203,-5,-73.51022243499756,20
2025-11-20T15:24:30.091192,-5,-73.54750633239746,21
2025-11-20T15:24:30.277782,-5,-73.52464199066162,22
2025-11-20T15:24:30.464619,-5,-73.59760284423828,23
2025-11-20T15:24:30.651287,-5,-73.55958938598633,24
2025-11-20T15:24:30.837983,-5,-73.50622177124023,25
2025-11-20T15:24:31.024856,-5,-73.4844160079956,26
2025-11-20T15:24:31.211932,-5,-73.48795413970947,27
2025-11-20T15:24:31.398014,-5,-73.56414794921875,28
2025-11-20T15:24:31.584848,-5,-73.53625774383545,29
2025-11-20T15:24:31.772465,-5,-73.5823917388916,30
2025-11-20T15:25:36.639204,10.0,-73.8509464263916,0
2025-11-20T15:25:36.826970,10.0,-73.71701240539551,1
2025-11-20T15:25:37.014194,10.0,-73.69338989257812,2
2025-11-20T15:25:37.201029,10.0,-73.68847846984863,3
2025-11-20T15:25:37.388806,10.0,-73.690185546875,4
2025-11-20T15:25:37.576249,10.0,-73.65651607513428,5
2025-11-20T15:25:37.763824,10.0,-73.65256309509277,6
2025-11-20T15:25:37.950995,10.0,-73.63768100738525,7
2025-11-20T15:25:38.138486,10.0,-73.53360652923584,8
2025-11-20T15:25:38.325743,10.0,-73.55019569396973,9
2025-11-20T15:25:38.514064,10.0,-73.54665756225586,10
2025-11-20T15:25:38.701611,10.0,-73.5899829864502,11
2025-11-20T15:25:38.889051,10.0,-73.54736804962158,12
2025-11-20T15:25:39.076827,10.0,-73.52224349975586,13
2025-11-20T15:25:39.264531,10.0,-73.56257438659668,14
2025-11-20T15:25:39.452184,10.0,-73.54671001434326,15
2025-11-20T15:25:39.639302,10.0,-73.58579635620117,16
2025-11-20T15:25:39.826543,10.0,-73.57616424560547,17
2025-11-20T15:25:40.013992,10.0,-73.49595069885254,18
2025-11-20T15:25:40.200431,10.0,-73.60092639923096,19
2025-11-20T15:25:40.387645,10.0,-73.54218482971191,20
2025-11-20T15:25:40.575137,10.0,-73.549485206604,21
2025-11-20T15:25:40.762553,10.0,-73.51365089416504,22
2025-11-20T15:25:40.949859,10.0,-73.58061790466309,23
2025-11-20T15:25:41.138100,10.0,-73.53647708892822,24
2025-11-20T15:25:41.326029,10.0,-73.52825164794922,25
2025-11-20T15:25:41.513997,10.0,-73.52594375610352,26
2025-11-20T15:25:41.702367,10.0,-73.52293491363525,27
2025-11-20T15:25:41.890086,10.0,-73.50332260131836,28
2025-11-20T15:25:42.077172,10.0,-73.56749534606934,29
2025-11-20T15:25:42.264363,10.0,-73.54387760162354,30
2025-11-20T15:25:42.451720,Noise,-73.52989196777344,0
2025-11-20T15:25:42.639138,Noise,-73.5312032699585,1
2025-11-20T15:25:42.826222,Noise,-73.51735591888428,2
2025-11-20T15:25:43.013442,Noise,-73.50676536560059,3
2025-11-20T15:25:43.200672,Noise,-73.59742164611816,4
2025-11-20T15:25:43.387771,Noise,-73.54259490966797,5
2025-11-20T15:25:43.575637,Noise,-73.54793071746826,6
2025-11-20T15:25:43.763010,Noise,-73.51879596710205,7
2025-11-20T15:25:43.949366,Noise,-73.59106063842773,8
2025-11-20T15:25:44.137022,Noise,-73.53232383728027,9
2025-11-20T15:25:44.323745,Noise,-73.5996961593628,10
2025-11-20T15:25:44.510934,Noise,-73.57083320617676,11
2025-11-20T15:25:44.698482,Noise,-73.49058151245117,12
2025-11-20T15:25:44.885974,Noise,-73.51767063140869,13
2025-11-20T15:25:45.073732,Noise,-73.55405330657959,14
2025-11-20T15:25:45.260955,Noise,-73.56783866882324,15
2025-11-20T15:25:45.448351,Noise,-73.57828140258789,16
2025-11-20T15:25:45.634930,Noise,-73.55893135070801,17
2025-11-20T15:25:45.822251,Noise,-73.545241355896,18
2025-11-20T15:25:46.009096,Noise,-73.59629154205322,19
2025-11-20T15:25:46.195969,Noise,-73.55388641357422,20
2025-11-20T15:25:46.382732,Noise,-73.5931396484375,21
2025-11-20T15:25:46.569118,Noise,-73.51552963256836,22
2025-11-20T15:25:46.755521,Noise,-73.561692237854,23
2025-11-20T15:25:46.942690,Noise,-73.47035884857178,24
2025-11-20T15:25:47.129794,Noise,-73.51593971252441,25
2025-11-20T15:25:47.317865,Noise,-73.59025478363037,26
2025-11-20T15:25:47.505412,Noise,-73.54072093963623,27
2025-11-20T15:25:47.690773,Noise,-73.43403816223145,28
2025-11-20T15:25:47.876732,Noise,-73.50218772888184,29
2025-11-20T15:25:48.064743,Noise,-73.47832202911377,30
2025-11-20T15:25:48.252477,-5,-73.49868774414062,0
2025-11-20T15:25:48.440073,-5,-73.58137607574463,1
2025-11-20T15:25:48.627402,-5,-73.50075244903564,2
2025-11-20T15:25:48.813534,-5,-73.49018573760986,3
2025-11-20T15:25:49.000424,-5,-73.53326797485352,4
2025-11-20T15:25:49.187416,-5,-73.47943305969238,5
2025-11-20T15:25:49.374898,-5,-73.57297420501709,6
2025-11-20T15:25:49.561803,-5,-73.55591773986816,7
2025-11-20T15:25:49.748711,-5,-73.58864307403564,8
2025-11-20T15:25:49.936572,-5,-73.47652435302734,9
2025-11-20T15:25:50.124421,-5,-73.56460571289062,10
2025-11-20T15:25:50.312124,-5,-73.61238956451416,11
2025-11-20T15:25:50.499827,-5,-73.54590892791748,12
2025-11-20T15:25:50.687581,-5,-73.55827808380127,13
2025-11-20T15:25:50.874205,-5,-73.54925632476807,14
2025-11-20T15:25:51.060998,-5,-73.53869438171387,15
2025-11-20T15:25:51.248477,-5,-73.55354309082031,16
2025-11-20T15:25:51.436186,-5,-73.48994255065918,17
2025-11-20T15:25:51.623794,-5,-73.5679578781128,18
2025-11-20T15:25:51.811495,-5,-73.56537342071533,19
2025-11-20T15:25:51.998927,-5,-73.4893798828125,20
2025-11-20T15:25:52.186281,-5,-73.49233627319336,21
2025-11-20T15:25:52.373916,-5,-73.51642608642578,22
2025-11-20T15:25:52.561435,-5,-73.49606037139893,23
2025-11-20T15:25:52.748809,-5,-73.58485698699951,24
2025-11-20T15:25:52.934691,-5,-73.51109981536865,25
2025-11-20T15:25:53.120789,-5,-73.57479095458984,26
2025-11-20T15:25:53.307264,-5,-73.63044738769531,27
2025-11-20T15:25:53.494495,-5,-73.53660583496094,28
2025-11-20T15:25:53.681915,-5,-73.47014904022217,29
2025-11-20T15:25:53.869201,-5,-73.58304977416992,30
2025-11-20T15:28:39.273292,10.0,-73.76627922058105,0
2025-11-20T15:28:39.459559,10.0,-73.83313655853271,1
2025-11-20T15:28:39.646201,10.0,-73.7594747543335,2
2025-11-20T15:28:39.833105,10.0,-73.62438678741455,3
2025-11-20T15:28:40.020547,10.0,-73.61345767974854,4
2025-11-20T15:28:40.207826,10.0,-73.6426830291748,5
2025-11-20T15:28:40.394657,10.0,-73.60803604125977,6
2025-11-20T15:28:40.581433,10.0,-73.60249042510986,7
2025-11-20T15:28:40.768159,10.0,-73.57078075408936,8
2025-11-20T15:28:40.954686,10.0,-73.63456726074219,9
2025-11-20T15:28:41.140928,10.0,-73.55909824371338,10
2025-11-20T15:28:41.327298,10.0,-73.54443073272705,11
2025-11-20T15:28:41.513527,10.0,-73.56599807739258,12
2025-11-20T15:28:41.700578,10.0,-73.48645210266113,13
2025-11-20T15:28:41.886959,10.0,-73.52892398834229,14
2025-11-20T15:28:42.073568,10.0,-73.53826999664307,15
2025-11-20T15:28:42.260707,10.0,-73.59157085418701,16
2025-11-20T15:28:42.447110,10.0,-73.59561920166016,17
2025-11-20T15:28:42.634238,10.0,-73.54412078857422,18
2025-11-20T15:28:42.820828,10.0,-73.57213497161865,19
2025-11-20T15:28:43.006904,10.0,-73.60231399536133,20
2025-11-20T15:28:43.193510,10.0,-73.50577354431152,21
2025-11-20T15:28:43.380117,10.0,-73.58013153076172,22
2025-11-20T15:28:43.566117,10.0,-73.53402137756348,23
2025-11-20T15:28:43.752880,10.0,-73.44579219818115,24
2025-11-20T15:28:43.939003,10.0,-73.53251934051514,25
2025-11-20T15:28:44.125498,10.0,-73.4659194946289,26
2025-11-20T15:28:44.311700,10.0,-73.52363586425781,27
2025-11-20T15:28:44.498653,10.0,-73.55374813079834,28
2025-11-20T15:28:44.685734,10.0,-73.57520580291748,29
2025-11-20T15:28:44.872816,10.0,-73.57247352600098,30
2025-11-20T15:28:45.060058,Noise,-73.60113620758057,0
2025-11-20T15:28:45.246840,Noise,-73.57992172241211,1
2025-11-20T15:28:45.433218,Noise,-73.53471279144287,2
2025-11-20T15:28:45.619462,Noise,-73.54671955108643,3
2025-11-20T15:28:45.805801,Noise,-73.5853624343872,4
2025-11-20T15:28:45.991563,Noise,-73.61511707305908,5
2025-11-20T15:28:46.177047,Noise,-73.45149517059326,6
2025-11-20T15:28:46.364004,Noise,-73.4670877456665,7
2025-11-20T15:28:46.550818,Noise,-73.53005886077881,8
2025-11-20T15:28:46.737272,Noise,-73.58478546142578,9
2025-11-20T15:28:46.923923,Noise,-73.48246574401855,10
2025-11-20T15:28:47.110028,Noise,-73.55443954467773,11
2025-11-20T15:28:47.296581,Noise,-73.52496147155762,12
2025-11-20T15:28:47.483143,Noise,-73.51776599884033,13
2025-11-20T15:28:47.669267,Noise,-73.63083362579346,14
2025-11-20T15:28:47.855338,Noise,-73.48249912261963,15
2025-11-20T15:28:48.041978,Noise,-73.50727081298828,16
2025-11-20T15:28:48.228076,Noise,-73.58850479125977,17
2025-11-20T15:28:48.415299,Noise,-73.58522415161133,18
2025-11-20T15:28:48.601735,Noise,-73.53246212005615,19
2025-11-20T15:28:48.788592,Noise,-73.5318660736084,20
2025-11-20T15:28:48.975046,Noise,-73.59364032745361,21
2025-11-20T15:28:49.161695,Noise,-73.51909637451172,22
2025-11-20T15:28:49.348731,Noise,-73.49791526794434,23
2025-11-20T15:28:49.535824,Noise,-73.53294849395752,24
2025-11-20T15:28:49.722762,Noise,-73.57049942016602,25
2025-11-20T15:28:49.909566,Noise,-73.57545852661133,26
2025-11-20T15:28:50.096856,Noise,-73.55690002441406,27
2025-11-20T15:28:50.284183,Noise,-73.5684871673584,28
2025-11-20T15:28:50.471454,Noise,-73.54461193084717,29
2025-11-20T15:28:50.658535,Noise,-73.49766254425049,30
2025-11-20T15:28:50.845173,-5,-73.55748653411865,0
2025-11-20T15:28:51.031278,-5,-73.57876777648926,1
2025-11-20T15:28:51.217804,-5,-73.48108291625977,2
2025-11-20T15:28:51.404459,-5,-73.47286701202393,3
2025-11-20T15:28:51.590719,-5,-73.47960472106934,4
2025-11-20T15:28:51.777242,-5,-73.5189437866211,5
2025-11-20T15:28:51.963935,-5,-73.58590126037598,6
2025-11-20T15:28:52.150275,-5,-73.55933666229248,7
2025-11-20T15:28:52.336321,-5,-73.56441020965576,8
2025-11-20T15:28:52.521859,-5,-73.53291034698486,9
2025-11-20T15:28:52.708518,-5,-73.5362720489502,10
2025-11-20T15:28:52.894836,-5,-73.58931541442871,11
2025-11-20T15:28:53.081697,-5,-73.52794170379639,12
2025-11-20T15:28:53.268437,-5,-73.47614288330078,13
2025-11-20T15:28:53.454867,-5,-73.53887557983398,14
2025-11-20T15:28:53.642708,-5,-73.58334064483643,15
2025-11-20T15:28:53.830453,-5,-73.5558032989502,16
2025-11-20T15:28:54.017793,-5,-73.52297782897949,17
2025-11-20T15:28:54.204806,-5,-73.6158561706543,18
2025-11-20T15:28:54.391591,-5,-73.56385231018066,19
2025-11-20T15:28:54.578004,-5,-73.55565547943115,20
2025-11-20T15:28:54.764635,-5,-73.5624647140503,21
2025-11-20T15:28:54.951019,-5,-73.5772180557251,22
2025-11-20T15:28:55.137541,-5,-73.58235836029053,23
2025-11-20T15:28:55.323734,-5,-73.57812404632568,24
2025-11-20T15:28:55.510164,-5,-73.53584289550781,25
2025-11-20T15:28:55.696814,-5,-73.63037109375,26
2025-11-20T15:28:55.883105,-5,-73.54722499847412,27
2025-11-20T15:28:56.070304,-5,-73.51466178894043,28
2025-11-20T15:28:56.258042,-5,-73.61513137817383,29
2025-11-20T15:28:56.444838,-5,-73.55445384979248,30
2025-11-20T15:30:43.958616,10.0,-73.35451602935791,0
2025-11-20T15:30:44.144583,10.0,-73.45911502838135,1
2025-11-20T15:30:44.330768,10.0,-73.45952033996582,2
2025-11-20T15:30:44.516910,10.0,-73.47419261932373,3
2025-11-20T15:30:44.703185,10.0,-73.51375102996826,4
2025-11-20T15:30:44.889031,10.0,-73.4536361694336,5
2025-11-20T15:30:45.075191,10.0,-73.47817420959473,6
2025-11-20T15:30:45.261530,10.0,-73.4661054611206,7
2025-11-20T15:30:45.447591,10.0,-73.52330684661865,8
2025-11-20T15:30:45.634479,10.0,-73.61758232116699,9
2025-11-20T15:30:45.820832,10.0,-73.52559089660645,10
2025-11-20T15:30:46.007044,10.0,-73.51290225982666,11
2025-11-20T15:30:46.192927,10.0,-73.49889755249023,12
2025-11-20T15:30:46.379585,10.0,-73.47834587097168,13
2025-11-20T15:30:46.566105,10.0,-73.5687780380249,14
2025-11-20T15:30:46.752602,10.0,-73.55530738830566,15
2025-11-20T15:30:46.938887,10.0,-73.57998371124268,16
2025-11-20T15:30:47.125167,10.0,-73.61293315887451,17
2025-11-20T15:30:47.311158,10.0,-73.55141639709473,18
2025-11-20T15:30:47.497577,10.0,-73.56024742126465,19
2025-11-20T15:30:47.683350,10.0,-73.4906816482544,20
2025-11-20T15:30:47.870550,10.0,-73.49993705749512,21
2025-11-20T15:30:48.056985,10.0,-73.56953144073486,22
2025-11-20T15:30:48.242983,10.0,-73.58471870422363,23
2025-11-20T15:30:48.429207,10.0,-73.54345798492432,24
2025-11-20T15:30:48.615360,10.0,-73.45737934112549,25
2025-11-20T15:30:48.801995,10.0,-73.5600996017456,26
2025-11-20T15:30:48.988586,10.0,-73.56639862060547,27
2025-11-20T15:30:49.175596,10.0,-73.52262496948242,28
2025-11-20T15:30:49.362171,10.0,-73.57653617858887,29
2025-11-20T15:30:49.548853,10.0,-73.61546516418457,30
2025-11-20T15:30:49.735583,Noise,-73.59724044799805,0
2025-11-20T15:30:49.921969,Noise,-73.50809097290039,1
2025-11-20T15:30:50.108742,Noise,-73.56094360351562,2
2025-11-20T15:30:50.295367,Noise,-73.527512550354,3
2025-11-20T15:30:50.481759,Noise,-73.59344959259033,4
2025-11-20T15:30:50.668209,Noise,-73.58542442321777,5
2025-11-20T15:30:50.854375,Noise,-73.56475830078125,6
2025-11-20T15:30:51.040805,Noise,-73.58053207397461,7
2025-11-20T15:30:51.227118,Noise,-73.53471755981445,8
2025-11-20T15:30:51.413535,Noise,-73.51175785064697,9
2025-11-20T15:30:51.599839,Noise,-73.53734016418457,10
2025-11-20T15:30:51.786269,Noise,-73.5281753540039,11
2025-11-20T15:30:51.973010,Noise,-73.59596729278564,12
2025-11-20T15:30:52.160499,Noise,-73.52415561676025,13
2025-11-20T15:30:52.347824,Noise,-73.57138633728027,14
2025-11-20T15:30:52.536103,Noise,-73.58800888061523,15
2025-11-20T15:30:52.723389,Noise,-73.59450340270996,16
2025-11-20T15:30:52.909935,Noise,-73.5593843460083,17
2025-11-20T15:30:53.097267,Noise,-73.51301193237305,18
2025-11-20T15:30:53.284588,Noise,-73.55710983276367,19
2025-11-20T15:30:53.471677,Noise,-73.58838081359863,20
2025-11-20T15:30:53.659157,Noise,-73.58736038208008,21
2025-11-20T15:30:53.845234,Noise,-73.51919174194336,22
2025-11-20T15:30:54.031395,Noise,-73.55035781860352,23
2025-11-20T15:30:54.217873,Noise,-73.5496187210083,24
2025-11-20T15:30:54.404958,Noise,-73.5984754562378,25
2025-11-20T15:30:54.591436,Noise,-73.56606483459473,26
2025-11-20T15:30:54.777849,Noise,-73.62091541290283,27
2025-11-20T15:30:54.964545,Noise,-73.54682445526123,28
2025-11-20T15:30:55.151149,Noise,-73.5731315612793,29
2025-11-20T15:30:55.337586,Noise,-73.56385231018066,30
2025-11-20T15:30:55.524390,-5,-73.61043930053711,0
2025-11-20T15:30:55.710316,-5,-73.51394653320312,1
2025-11-20T15:30:55.896604,-5,-73.62375736236572,2
2025-11-20T15:30:56.082922,-5,-73.5399055480957,3
2025-11-20T15:30:56.269333,-5,-73.57160091400146,4
2025-11-20T15:30:56.455255,-5,-73.49148273468018,5
2025-11-20T15:30:56.641504,-5,-73.53111267089844,6
2025-11-20T15:30:56.828228,-5,-73.54987144470215,7
2025-11-20T15:30:57.014084,-5,-73.5703182220459,8
2025-11-20T15:30:57.199789,-5,-73.62635135650635,9
2025-11-20T15:30:57.386308,-5,-73.61795902252197,10
2025-11-20T15:30:57.572459,-5,-73.49637031555176,11
2025-11-20T15:30:57.758817,-5,-73.53508949279785,12
2025-11-20T15:30:57.944991,-5,-73.55579853057861,13
2025-11-20T15:30:58.131907,-5,-73.5196304321289,14
2025-11-20T15:30:58.319587,-5,-73.5343599319458,15
2025-11-20T15:30:58.506903,-5,-73.50581645965576,16
2025-11-20T15:30:58.694203,-5,-73.49207401275635,17
2025-11-20T15:30:58.881439,-5,-73.52781772613525,18
2025-11-20T15:30:59.067938,-5,-73.56171131134033,19
2025-11-20T15:30:59.254839,-5,-73.49108219146729,20
2025-11-20T15:30:59.440943,-5,-73.5423994064331,21
2025-11-20T15:30:59.627222,-5,-73.51337909698486,22
2025-11-20T15:30:59.813451,-5,-73.53423118591309,23
2025-11-20T15:30:59.999729,-5,-73.52228164672852,24
2025-11-20T15:31:00.186596,-5,-73.55072021484375,25
2025-11-20T15:31:00.373364,-5,-73.56010437011719,26
2025-11-20T15:31:00.560375,-5,-73.53655338287354,27
2025-11-20T15:31:00.747447,-5,-73.57385158538818,28
2025-11-20T15:31:00.934101,-5,-73.55187892913818,29
2025-11-20T15:31:01.121245,-5,-73.59455585479736,30
2025-11-20T15:33:35.745552,10.0,-73.0507230758667,0
2025-11-20T15:33:35.931667,10.0,-73.19353580474854,1
2025-11-20T15:33:36.117379,10.0,-73.05281162261963,2
2025-11-20T15:33:36.304070,10.0,-73.49287509918213,3
2025-11-20T15:33:36.490864,10.0,-73.4815263748169,4
2025-11-20T15:33:36.677355,10.0,-73.53925228118896,5
2025-11-20T15:33:36.863958,10.0,-73.49512100219727,6
2025-11-20T15:33:37.050133,10.0,-73.54029178619385,7
2025-11-20T15:33:37.236476,10.0,-73.57872009277344,8
2025-11-20T15:33:37.423237,10.0,-73.55768203735352,9
2025-11-20T15:33:37.609589,10.0,-73.53428363800049,10
2025-11-20T15:33:37.796185,10.0,-73.56668949127197,11
2025-11-20T15:33:37.982958,10.0,-73.53862285614014,12
2025-11-20T15:33:38.169643,10.0,-73.63623142242432,13
2025-11-20T15:33:38.356324,10.0,-73.52942943572998,14
2025-11-20T15:33:38.543230,10.0,-73.57856273651123,15
2025-11-20T15:33:38.730267,10.0,-73.5566759109497,16
2025-11-20T15:33:38.917244,10.0,-73.5984992980957,17
2025-11-20T15:33:39.104469,10.0,-73.56750965118408,18
2025-11-20T15:33:39.291821,10.0,-73.57393741607666,19
2025-11-20T15:33:39.479593,10.0,-73.53996276855469,20
2025-11-20T15:33:39.667691,10.0,-73.53858947753906,21
2025-11-20T15:33:39.854118,10.0,-73.54193687438965,22
2025-11-20T15:33:40.041681,10.0,-73.48172187805176,23
2025-11-20T15:33:40.229014,10.0,-73.58190059661865,24
2025-11-20T15:33:40.416035,10.0,-73.54048728942871,25
2025-11-20T15:33:40.602926,10.0,-73.56176853179932,26
2025-11-20T15:33:40.790674,10.0,-73.60236644744873,27
2025-11-20T15:33:40.978033,10.0,-73.55370044708252,28
2025-11-20T15:33:41.165439,10.0,-73.51767539978027,29
2025-11-20T15:33:41.352771,10.0,-73.5476303100586,30
2025-11-20T15:33:41.540442,Noise,-73.49270820617676,0
2025-11-20T15:33:41.727948,Noise,-73.60387802124023,1
2025-11-20T15:33:41.915380,Noise,-73.59346389770508,2
2025-11-20T15:33:42.102181,Noise,-73.55615615844727,3
2025-11-20T15:33:42.289135,Noise,-73.48543643951416,4
2025-11-20T15:33:42.475935,Noise,-73.51471900939941,5
2025-11-20T15:33:42.662506,Noise,-73.62454414367676,6
2025-11-20T15:33:42.849401,Noise,-73.61377239227295,7
2025-11-20T15:33:43.036765,Noise,-73.59796524047852,8
2025-11-20T15:33:43.224749,Noise,-73.57421398162842,9
2025-11-20T15:33:43.412332,Noise,-73.5561752319336,10
2025-11-20T15:33:43.599106,Noise,-73.48411560058594,11
2025-11-20T15:33:43.786429,Noise,-73.54305267333984,12
2025-11-20T15:33:43.973521,Noise,-73.50686073303223,13
2025-11-20T15:33:44.160775,Noise,-73.51800441741943,14
2025-11-20T15:33:44.347994,Noise,-73.53761672973633,15
2025-11-20T15:33:44.535081,Noise,-73.53444576263428,16
2025-11-20T15:33:44.722005,Noise,-73.53927612304688,17
2025-11-20T15:33:44.908837,Noise,-73.50831985473633,18
2025-11-20T15:33:45.095378,Noise,-73.61497402191162,19
2025-11-20T15:33:45.282249,Noise,-73.58346462249756,20
2025-11-20T15:33:45.469338,Noise,-73.46832275390625,21
2025-11-20T15:33:45.656710,Noise,-73.57921600341797,22
2025-11-20T15:33:45.843003,Noise,-73.56681823730469,23
2025-11-20T15:33:46.029819,Noise,-73.50778102874756,24
2025-11-20T15:33:46.216433,Noise,-73.60586166381836,25
2025-11-20T15:33:46.402932,Noise,-73.55626106262207,26
2025-11-20T15:33:46.588960,Noise,-73.56990337371826,27
2025-11-20T15:33:46.775930,Noise,-73.53037357330322,28
2025-11-20T15:33:46.962286,Noise,-73.51311206817627,29
2025-11-20T15:33:47.148880,Noise,-73.53793144226074,30
2025-11-20T15:33:47.335047,-5,-73.5662841796875,0
2025-11-20T15:33:47.521445,-5,-73.52353096008301,1
2025-11-20T15:33:47.708276,-5,-73.5504961013794,2
2025-11-20T15:33:47.894934,-5,-73.55667114257812,3
2025-11-20T15:33:48.081612,-5,-73.54732036590576,4
2025-11-20T15:33:48.268295,-5,-73.50307941436768,5
2025-11-20T15:33:48.455188,-5,-73.58036041259766,6
2025-11-20T15:33:48.642883,-5,-73.52653980255127,7
2025-11-20T15:33:48.830111,-5,-73.52368354797363,8
2025-11-20T15:33:49.016732,-5,-73.56075286865234,9
2025-11-20T15:33:49.203474,-5,-73.57468128204346,10
2025-11-20T15:33:49.390314,-5,-73.45858573913574,11
2025-11-20T15:33:49.577303,-5,-73.567214012146,12
2025-11-20T15:33:49.764175,-5,-73.57141017913818,13
2025-11-20T15:33:49.951285,-5,-73.50682735443115,14
2025-11-20T15:33:50.137687,-5,-73.55310440063477,15
2025-11-20T15:33:50.325070,-5,-73.55145931243896,16
2025-11-20T15:33:50.512295,-5,-73.57056617736816,17
2025-11-20T15:33:50.699655,-5,-73.51938724517822,18
2025-11-20T15:33:50.887624,-5,-73.57028484344482,19
2025-11-20T15:33:51.075031,-5,-73.5832691192627,20
2025-11-20T15:33:51.262255,-5,-73.6425256729126,21
2025-11-20T15:33:51.448857,-5,-73.48305225372314,22
2025-11-20T15:33:51.635431,-5,-73.58725070953369,23
2025-11-20T15:33:51.822703,-5,-73.58190536499023,24
2025-11-20T15:33:52.010273,-5,-73.54727745056152,25
2025-11-20T15:33:52.198131,-5,-73.54909420013428,26
2025-11-20T15:33:52.385553,-5,-73.55496406555176,27
2025-11-20T15:33:52.572927,-5,-73.60413074493408,28
2025-11-20T15:33:52.760158,-5,-73.52089881896973,29
2025-11-20T15:33:52.947434,-5,-73.55715751647949,30
2025-11-20T15:35:19.076749,10.0,-73.20337772369385,0
2025-11-20T15:35:19.263877,10.0,-73.48520755767822,1
2025-11-20T15:35:19.450901,10.0,-73.35012912750244,2
2025-11-20T15:35:19.638290,10.0,-73.58663558959961,3
2025-11-20T15:35:19.826007,10.0,-73.53741645812988,4
2025-11-20T15:35:20.013140,10.0,-73.43982696533203,5
2025-11-20T15:35:20.200624,10.0,-73.57198238372803,6
2025-11-20T15:35:20.387956,10.0,-73.49930763244629,7
2025-11-20T15:35:20.575830,10.0,-73.62587928771973,8
2025-11-20T15:35:20.763196,10.0,-73.48661422729492,9
2025-11-20T15:35:20.950160,10.0,-73.5905647277832,10
2025-11-20T15:35:21.138327,10.0,-73.5938310623169,11
2025-11-20T15:35:21.326223,10.0,-73.5619068145752,12
2025-11-20T15:35:21.513243,10.0,-73.49010944366455,13
2025-11-20T15:35:21.700610,10.0,-73.51174831390381,14
2025-11-20T15:37:33.638447,10.0,-62.275350244540256,0
2025-11-20T15:37:33.644166,10.0,-76.62399293632045,1
2025-11-20T15:37:33.647781,10.0,-67.01222585738446,2
2025-11-20T15:37:33.651047,10.0,-75.29240718316844,3
2025-11-20T15:37:33.653297,10.0,-75.07543082246448,4
2025-11-20T15:37:33.655807,10.0,-66.19071344332077,4
2025-11-20T15:37:33.658113,10.0,-74.95867397121913,5
2025-11-20T15:37:33.659484,10.0,-70.91774175678901,6
2025-11-20T15:37:33.660449,10.0,-70.1263492953527,7
2025-11-20T15:37:33.661722,10.0,-65.44387235973045,7
2025-11-20T15:37:33.662603,10.0,-67.41976123447435,8
2025-11-20T15:37:33.663236,10.0,-75.75086704083525,9
2025-11-20T15:37:33.663966,10.0,-60.787381235808674,9
2025-11-20T15:37:33.664730,10.0,-70.02043309771666,10
2025-11-20T15:37:33.665479,10.0,-62.604712629805135,11
2025-11-20T15:37:33.666228,10.0,-76.07063537226618,12
2025-11-20T15:37:33.666973,10.0,-73.77013363567512,13
2025-11-20T15:37:33.667623,10.0,-73.47687523091135,14
2025-11-20T15:37:33.668247,10.0,-74.49279351504758,15
2025-11-20T15:37:33.668841,10.0,-72.31046820656637,16
2025-11-20T15:37:33.669435,10.0,-61.892404443261604,17
2025-11-20T15:37:33.670040,10.0,-72.3222529923435,18
2025-11-20T15:37:33.670628,10.0,-68.33605213781698,19
2025-11-20T15:37:33.671250,10.0,-66.5958847460862,20
2025-11-20T15:37:33.671840,10.0,-78.08795903518569,21
2025-11-20T15:37:33.672469,10.0,-63.58605661006368,22
2025-11-20T15:37:33.673065,10.0,-76.44785896780782,23
2025-11-20T15:37:33.673680,10.0,-79.63347026168826,24
2025-11-20T15:37:33.674271,10.0,-70.20657033964324,25
2025-11-20T15:37:33.674869,10.0,-79.7758966706068,26
2025-11-20T15:37:33.675476,10.0,-65.74877134253435,27
2025-11-20T15:37:33.676093,10.0,-72.37481492134374,28
2025-11-20T15:37:33.676705,10.0,-72.34558054905993,29
2025-11-20T15:37:33.677291,10.0,-67.2060231782594,30
2025-11-20T15:37:33.677929,Noise,-72.75232598073133,0
2025-11-20T15:37:33.678567,Noise,-61.80791864806117,1
2025-11-20T15:37:33.679217,Noise,-79.63104080074712,2
2025-11-20T15:37:33.679844,Noise,-76.47038478739782,3
2025-11-20T15:37:33.680488,Noise,-69.43491651822879,4
2025-11-20T15:37:33.681103,Noise,-63.8706245197442,5
2025-11-20T15:37:33.681752,Noise,-67.17834504511956,6
2025-11-20T15:37:33.682392,Noise,-63.83394528349257,7
2025-11-20T15:37:33.683018,Noise,-69.8323405293516,8
2025-11-20T15:37:33.683648,Noise,-64.7152057729279,9
2025-11-20T15:37:33.684271,Noise,-76.20810192364353,10
2025-11-20T15:37:33.684909,Noise,-62.29622850004685,11
2025-11-20T15:37:33.685524,Noise,-75.29618735033993,12
2025-11-20T15:37:33.686161,Noise,-68.10438279182009,13
2025-11-20T15:37:33.686768,Noise,-60.179110411953914,14
2025-11-20T15:37:33.687381,Noise,-78.26764892406622,15
2025-11-20T15:37:33.687997,Noise,-76.4983120873466,16
2025-11-20T15:37:33.688616,Noise,-64.2843985348646,17
2025-11-20T15:37:33.689243,Noise,-60.666875498189185,18
2025-11-20T15:37:33.689892,Noise,-79.69175478806255,19
2025-11-20T15:37:33.690530,Noise,-77.26041722548644,20
2025-11-20T15:37:33.691146,Noise,-68.07239903094914,21
2025-11-20T15:37:33.691779,Noise,-76.97812806225166,22
2025-11-20T15:37:33.692395,Noise,-70.8992842913577,23
2025-11-20T15:37:33.693034,Noise,-63.13719838230086,24
2025-11-20T15:37:33.693645,Noise,-62.44294414869821,25
2025-11-20T15:37:33.694287,Noise,-68.29118746572757,26
2025-11-20T15:37:33.694900,Noise,-76.12295087586561,27
2025-11-20T15:37:33.695520,Noise,-68.65026468340668,28
2025-11-20T15:37:33.696140,Noise,-69.45206987377941,29
2025-11-20T15:37:33.696753,Noise,-73.63203311522071,30
2025-11-20T15:37:33.697395,-5,-70.64938343243807,0
2025-11-20T15:37:33.698115,-5,-73.13878577034872,1
2025-11-20T15:37:33.698787,-5,-76.30282835388827,2
2025-11-20T15:37:33.699473,-5,-65.02849789521376,3
2025-11-20T15:37:33.700143,-5,-71.4886027336771,4
2025-11-20T15:37:33.700841,-5,-72.82171108844773,5
2025-11-20T15:37:33.701510,-5,-62.88486831954023,6
2025-11-20T15:37:33.702190,-5,-75.43170328982526,7
2025-11-20T15:37:33.702854,-5,-66.26954999241127,8
2025-11-20T15:37:33.703533,-5,-77.01976670268404,9
2025-11-20T15:37:33.704214,-5,-69.26395556819806,10
2025-11-20T15:37:33.704892,-5,-63.09645994535132,11
2025-11-20T15:37:33.705577,-5,-66.09529182855547,12
2025-11-20T15:37:33.706236,-5,-78.14805106172588,13
2025-11-20T15:37:33.706910,-5,-73.54610204241938,14
2025-11-20T15:37:33.707579,-5,-63.35888377334314,15
2025-11-20T15:37:33.708270,-5,-71.60571300790423,16
2025-11-20T15:37:33.708939,-5,-78.69673887899312,17
2025-11-20T15:37:33.709622,-5,-65.99478338788575,18
2025-11-20T15:37:33.710322,-5,-66.56831224319332,19
2025-11-20T15:37:33.711006,-5,-69.89605959072172,20
2025-11-20T15:37:33.711674,-5,-63.73554178670625,21
2025-11-20T15:37:33.712364,-5,-79.98470487410383,22
2025-11-20T15:37:33.713026,-5,-61.700098000973334,23
2025-11-20T15:37:33.713710,-5,-70.03293605088759,24
2025-11-20T15:37:33.714363,-5,-76.39232949012617,25
2025-11-20T15:37:33.715048,-5,-73.90266937946613,26
2025-11-20T15:37:33.715709,-5,-61.868902133370966,27
2025-11-20T15:37:33.716406,-5,-76.82258473160437,28
2025-11-20T15:37:33.717069,-5,-60.753158760550974,29
2025-11-20T15:37:33.717768,-5,-62.792852500117036,30
2025-11-20T15:39:16.682193,10.0,-61.44165047594001,0
2025-11-20T15:39:21.685317,10.0,-67.90168119363,1
2025-11-20T15:40:29.681932,10.0,-60.02014089117347,0
2025-11-20T15:40:34.687912,10.0,-74.11530564785814,1
2025-11-20T15:51:02.124480,10.0,-76.04376555411007,0
2025-11-20T15:51:14.870497,10.0,-70.18992888597282,0
2025-11-20T15:51:14.878091,10.0,-63.23676567226519,1
2025-11-20T15:51:14.883061,10.0,-61.386731339628746,1
2025-11-20T15:51:14.886239,10.0,-66.20501532908382,2
2025-11-20T15:51:14.888231,10.0,-60.10069960211429,3
2025-11-20T15:51:14.891016,10.0,-63.56948147551168,3
2025-11-20T15:51:14.893602,10.0,-63.67328760137261,3
2025-11-20T15:51:14.895008,10.0,-67.17271845849106,4
2025-11-20T15:51:14.895966,10.0,-69.23522931733284,5
2025-11-20T15:51:14.897444,10.0,-76.90451714837445,5
2025-11-20T15:51:14.898835,10.0,-65.81140217229299,5
2025-11-20T15:51:14.899674,10.0,-62.54631977829247,6
2025-11-20T15:51:14.900297,10.0,-61.934598562804254,7
2025-11-20T15:51:14.901218,10.0,-66.00342462388022,7
2025-11-20T15:51:14.902055,10.0,-68.88414609551394,7
2025-11-20T15:51:14.902684,10.0,-65.87434311398032,8
2025-11-20T15:51:14.903196,10.0,-79.22160246544132,9
2025-11-20T15:51:14.904038,10.0,-74.40682220931684,9
2025-11-20T15:51:14.904965,10.0,-65.34985774059926,9
2025-11-20T15:51:14.905717,10.0,-67.17498640385558,10
2025-11-20T15:51:14.906372,10.0,-67.98412808320994,11
2025-11-20T15:51:14.907554,10.0,-66.79735770401778,11
2025-11-20T15:51:14.908832,10.0,-72.37927616738003,11
2025-11-20T15:51:14.909931,10.0,-75.63051366372768,12
2025-11-20T15:51:14.910921,10.0,-79.7874378604428,13
2025-11-20T15:51:14.912624,10.0,-71.49389791699974,13
2025-11-20T15:51:14.914280,10.0,-70.62879841065478,13
2025-11-20T15:51:14.915462,10.0,-75.39014733250191,14
2025-11-20T15:51:14.916412,10.0,-74.91507922126198,15
2025-11-20T15:51:14.917803,10.0,-70.71372666992482,15
2025-11-20T15:51:14.918922,10.0,-70.98614379347528,15
2025-11-20T15:51:14.919763,10.0,-71.39642375700754,16
2025-11-20T15:51:14.920412,10.0,-73.08698523718236,17
2025-11-20T15:51:14.921377,10.0,-73.91919100577553,17
2025-11-20T15:51:14.922236,10.0,-63.91322180374608,17
2025-11-20T15:51:14.922855,10.0,-77.45532645750423,18
2025-11-20T15:51:14.923357,10.0,-62.09555995156804,19
2025-11-20T15:51:14.924123,10.0,-62.77264502380295,19
2025-11-20T15:51:14.924914,10.0,-67.4061930559947,19
2025-11-20T15:51:14.925497,10.0,-61.67369618822438,20
2025-11-20T15:51:14.925999,10.0,-65.13944345424483,21
2025-11-20T15:51:14.926686,10.0,-63.2512936635929,21
2025-11-20T15:51:14.927335,10.0,-69.99004145444624,21
2025-11-20T15:51:14.927929,10.0,-75.44790934822984,22
2025-11-20T15:51:14.928442,10.0,-77.88682023739082,23
2025-11-20T15:51:14.929152,10.0,-60.65454487623839,23
2025-11-20T15:51:14.929837,10.0,-60.98863145334813,23
2025-11-20T15:51:14.930432,10.0,-62.255459163167004,24
2025-11-20T15:51:14.930916,10.0,-74.11678626554736,25
2025-11-20T15:51:14.931613,10.0,-65.73889726981493,25
2025-11-20T15:51:14.932290,10.0,-70.37831807225149,25
2025-11-20T15:51:14.932876,10.0,-68.74622897492159,26
2025-11-20T15:51:14.933352,10.0,-72.73144515772792,27
2025-11-20T15:51:14.934001,10.0,-77.35812802953686,27
2025-11-20T15:51:14.934680,10.0,-71.15949391386962,27
2025-11-20T15:51:14.935250,10.0,-67.68194459072565,28
2025-11-20T15:51:14.935731,10.0,-68.46901938676447,29
2025-11-20T15:51:14.936416,10.0,-64.43611516687153,29
2025-11-20T15:51:14.937081,10.0,-60.41313988836086,29
2025-11-20T15:51:14.937656,10.0,-72.61947073229152,30
2025-11-20T15:51:14.938143,Noise,-65.0222309559279,0
2025-11-20T15:51:14.938796,Noise,-66.87050302873395,0
2025-11-20T15:51:14.939477,Noise,-76.46762887469009,0
2025-11-20T15:51:14.940176,Noise,-75.52209556605389,1
2025-11-20T15:51:14.940867,Noise,-62.96333026825542,1
2025-11-20T15:51:14.941443,Noise,-79.42284480598497,2
2025-11-20T15:51:14.941950,Noise,-77.8046688475165,3
2025-11-20T15:51:14.942626,Noise,-65.15883719963972,3
2025-11-20T15:51:14.943286,Noise,-67.88116743543027,3
2025-11-20T15:51:14.943877,Noise,-69.5013359976668,4
2025-11-20T15:51:14.944384,Noise,-68.34019266317254,5
2025-11-20T15:51:14.945060,Noise,-71.1956380197378,5
2025-11-20T15:51:14.945738,Noise,-63.91726730538333,5
2025-11-20T15:51:14.946298,Noise,-76.73383859489913,6
2025-11-20T15:51:14.946799,Noise,-78.79657305811442,7
2025-11-20T15:51:14.947461,Noise,-62.967231427951276,7
2025-11-20T15:51:14.948100,Noise,-79.51628149381011,7
2025-11-20T15:51:14.948811,Noise,-73.85941416374122,8
2025-11-20T15:51:14.949485,Noise,-62.74275586883999,8
2025-11-20T15:51:14.950091,Noise,-75.20751617876414,9
2025-11-20T15:51:14.950583,Noise,-74.88175139688283,10
2025-11-20T15:51:14.951294,Noise,-62.4720568883014,10
2025-11-20T15:51:14.952152,Noise,-77.38738861971437,10
2025-11-20T15:51:14.952754,Noise,-76.45843837288156,11
2025-11-20T15:51:14.953251,Noise,-79.23866261461816,12
2025-11-20T15:51:14.953970,Noise,-76.00180259167558,12
2025-11-20T15:51:14.954628,Noise,-71.79143629491962,12
2025-11-20T15:51:14.955196,Noise,-67.78309174109964,13
2025-11-20T15:51:14.955688,Noise,-78.02238636487998,14
2025-11-20T15:51:14.956363,Noise,-65.20107607607096,14
2025-11-20T15:51:14.957007,Noise,-70.54765217007078,14
2025-11-20T15:51:14.957587,Noise,-71.84088777130856,15
2025-11-20T15:51:14.958088,Noise,-60.88267185604747,16
2025-11-20T15:51:14.958782,Noise,-68.4806862744536,16
2025-11-20T15:51:14.959438,Noise,-61.84633476512679,16
2025-11-20T15:51:14.960027,Noise,-75.93450750245255,17
2025-11-20T15:51:14.960520,Noise,-75.16771516004849,18
2025-11-20T15:51:14.961254,Noise,-68.49031393183192,18
2025-11-20T15:51:14.962038,Noise,-70.16760093877545,18
2025-11-20T15:51:14.963156,Noise,-71.92876998062049,19
2025-11-20T15:51:14.964124,Noise,-74.25893792963424,20
2025-11-20T15:51:14.964841,Noise,-77.01432153149571,20
2025-11-20T15:51:14.965536,Noise,-65.93376915970308,20
2025-11-20T15:51:14.966269,Noise,-79.30533714875008,21
2025-11-20T15:51:14.966983,Noise,-76.09023118308276,21
2025-11-20T15:51:14.967700,Noise,-62.419399818363445,22
2025-11-20T15:51:14.968369,Noise,-61.28911608583684,22
2025-11-20T15:51:14.969028,Noise,-72.35445456595762,23
2025-11-20T15:51:14.969630,Noise,-71.36442620339622,23
2025-11-20T15:51:14.970268,Noise,-72.28787629153733,24
2025-11-20T15:51:14.970851,Noise,-64.60989439854154,24
2025-11-20T15:51:14.971444,Noise,-62.38509928035044,25
2025-11-20T15:51:14.972048,Noise,-68.69275809664313,25
2025-11-20T15:51:14.972656,Noise,-79.09298458914597,26
2025-11-20T15:51:14.973244,Noise,-79.89024668457287,26
2025-11-20T15:51:14.973847,Noise,-71.18888720721513,27
2025-11-20T15:51:14.974414,Noise,-70.41088813174558,27
2025-11-20T15:51:14.975040,Noise,-69.35721142274411,28
2025-11-20T15:51:14.975618,Noise,-73.88767900810349,28
2025-11-20T15:51:14.976225,Noise,-67.40955026401694,29
2025-11-20T15:51:14.976818,Noise,-64.06797186338294,29
2025-11-20T15:51:14.977407,Noise,-62.65834515540407,30
2025-11-20T15:51:14.977995,Noise,-68.03690611057544,30
2025-11-20T15:51:14.978601,-5,-79.14841938524587,0
2025-11-20T15:51:14.979298,-5,-69.31735840883582,0
2025-11-20T15:51:14.979987,-5,-77.83473508622674,1
2025-11-20T15:51:14.980643,-5,-72.62433329640312,1
2025-11-20T15:51:14.981303,-5,-77.65703932134254,2
2025-11-20T15:51:14.981930,-5,-63.874394216516606,2
2025-11-20T15:51:14.982595,-5,-61.42105600777232,3
2025-11-20T15:51:14.983219,-5,-78.76369484716656,3
2025-11-20T15:51:14.983887,-5,-75.07517671550858,4
2025-11-20T15:51:14.984525,-5,-74.71052867161279,4
2025-11-20T15:51:14.985178,-5,-70.43207830929472,5
2025-11-20T15:51:14.985817,-5,-66.27824171921482,5
2025-11-20T15:51:14.986468,-5,-71.4177963888294,6
2025-11-20T15:51:14.987102,-5,-72.4069992857369,6
2025-11-20T15:51:14.987737,-5,-72.06537765780841,7
2025-11-20T15:51:14.988384,-5,-65.63092660332279,7
2025-11-20T15:51:14.989037,-5,-60.39719731556234,8
2025-11-20T15:51:14.989663,-5,-72.60133300489363,8
2025-11-20T15:51:14.990324,-5,-67.62657765285591,9
2025-11-20T15:51:14.990965,-5,-63.255506037141934,9
2025-11-20T15:51:14.991637,-5,-77.22044088315815,10
2025-11-20T15:51:14.992265,-5,-66.8931969920395,10
2025-11-20T15:51:14.992928,-5,-60.384987693613795,11
2025-11-20T15:51:14.993571,-5,-64.94287939389488,11
2025-11-20T15:51:14.994245,-5,-73.23308497670986,12
2025-11-20T15:51:14.994895,-5,-63.1969168715345,12
2025-11-20T15:51:14.995537,-5,-72.51113959709883,13
2025-11-20T15:51:14.996166,-5,-63.70437904706499,13
2025-11-20T15:51:14.996824,-5,-74.8115527729047,14
2025-11-20T15:51:14.997446,-5,-73.53035737164083,14
2025-11-20T15:51:14.998115,-5,-75.78888149603708,15
2025-11-20T15:51:14.998738,-5,-78.46947469519938,15
2025-11-20T15:51:14.999390,-5,-74.98895143694625,16
2025-11-20T15:51:15.000021,-5,-60.66260014076744,16
2025-11-20T15:51:15.000670,-5,-62.30802095358257,17
2025-11-20T15:51:15.001322,-5,-66.6756571577794,17
2025-11-20T15:51:15.001971,-5,-76.51109247366803,18
2025-11-20T15:51:15.002633,-5,-76.87906537862618,18
2025-11-20T15:51:15.003296,-5,-60.58896145875491,19
2025-11-20T15:51:15.003933,-5,-76.18451922216198,19
2025-11-20T15:51:15.004617,-5,-74.71500880263716,20
2025-11-20T15:51:15.005274,-5,-65.99992660336902,20
2025-11-20T15:51:15.005970,-5,-71.67474618007988,21
2025-11-20T15:51:15.006613,-5,-62.15338632271338,21
2025-11-20T15:51:15.007278,-5,-76.31168997182667,22
2025-11-20T15:51:15.007903,-5,-75.48152990875369,22
2025-11-20T15:51:15.008580,-5,-74.09491243408307,23
2025-11-20T15:51:15.009208,-5,-66.53955610463416,23
2025-11-20T15:51:15.009876,-5,-75.64169432909587,24
2025-11-20T15:51:15.010519,-5,-75.93975547061345,24
2025-11-20T15:51:15.011199,-5,-61.141832325106556,25
2025-11-20T15:51:15.011841,-5,-63.0607206746147,25
2025-11-20T15:51:15.012522,-5,-62.069966234722045,26
2025-11-20T15:51:15.013166,-5,-71.8833071555492,26
2025-11-20T15:51:15.013839,-5,-76.86465338650439,27
2025-11-20T15:51:15.014491,-5,-77.52952682742102,27
2025-11-20T15:51:15.015140,-5,-69.12663770832124,28
2025-11-20T15:51:15.015788,-5,-62.681222264346886,28
2025-11-20T15:51:15.016442,-5,-79.69724826237294,29
2025-11-20T15:51:15.017096,-5,-65.22476654207429,29
2025-11-20T15:51:15.017742,-5,-67.39481259883368,30
